ID,CAS No.,SMILES,Chemical structure,GHS Acute Toxicity Hazard Categories,Other Categories,SAacc,LUMO,E,MW,Ad,MLOGP,Exp. log(1/LC50) [mmol/L],Pred. log(1/LC50) [mmol/L]
ID-398,1330785.0,O=P(OC1=CC=C(C)C=C1)(OC2=CC=C(C)C=C2)OC3=CC=C(C)C=C3,Tricresyl phosphate,Acute I,Highly & moderately toxic,41.0281086,-0.939,2.99262384,368.39,45.617498,5.472222049,2.64,2.49296660128657
ID-06,58902.0,OC1=C(Cl)C=C(Cl)C(Cl)=C1Cl,"2,3,4,6-Tetrachlorophenol",Acute I,Highly & moderately toxic,42.68334316,-1.302,3.602228315,231.88,19.423828,3.617260622,2.62,2.25536657486735
ID-437,4130421.0,OC1=C(C(C)(C)C)C=C(CC)C=C1C(C)(C)C,"2,6-Di-tert-Butyl-4-ethylphenol",Acute I,Highly & moderately toxic,42.68334316,0.429,1.825100067,234.42,29.591819,4.426678785,2.6,2.65851547012529
ID-81,91178.0,C12CCCCC1CCCC2,Bicyclo[4.4.0]decane,Acute I,Highly & moderately toxic,0.0,3.81,0.752840337,138.28,18.109994,4.431453202,2.57,2.65170943076035
ID-279,126727.0,O=P(OCC(Br)CBr)(OCC(Br)CBr)OCC(Br)CBr,"Tris(2,3-dibromopropyl)phosphate",Acute II,Highly & moderately toxic,41.0281086,-0.691,3.033615368,697.61,43.008776,4.755269493,2.57,2.5244143654587
ID-78,90302.0,C1(NC2=CC=CC=C2)=C3C=CC=CC3=CC=C1,1-(N-phenylamino)-naphthalene,Acute I,Highly & moderately toxic,18.01075068,-0.608,2.574670967,219.3,28.956478,4.278556776,2.5,2.41550214726872
ID-126,96764.0,OC1=CC=C(C(C)(C)C)C=C1C(C)(C)C,"2,4-Di-tert-butylphenol ",Acute I,Highly & moderately toxic,42.68334316,0.315,1.951995678,206.36,25.886135,3.921150378,2.48,2.39258096725335
ID-448,5707448.0,CCC1=CC=C(C2=CC=CC=C2)C=C1,"1,1'-Biphenyl, 4-ethyl-",Acute I,Highly & moderately toxic,0.0,-0.077,2.327658778,182.28,24.347055,4.411363364,2.48,2.18705476538742
ID-152,100141.0,O=[N+](C1=CC=C(CCl)C=C1)[O-],alpha-Chloro-4-nitrotoluene ,Acute I,Highly & moderately toxic,50.74691408,-1.605,4.166582821,171.59,16.641413,2.574097763,2.45,1.47077472269513
ID-248,115866.0,O=P(OC1=CC=CC=C1)(OC2=CC=CC=C2)OC3=CC=CC=C3,Triphenyl phosphate,Acute II,Highly & moderately toxic,41.0281086,-0.916,3.007147948,326.3,38.393139,4.789381343,2.4,2.55030599852423
ID-435,4016244.0,CCCCCCCCCCCCCCC(S(=O)([O-])=O)C(OC)=O,Sodium 1-methoxy-1-oxohexadecane-2-sulphonate,Acute II,Highly & moderately toxic,108.4023469,0.482,2.273243965,349.57,37.126634,4.23603682,2.4,2.10510739430266
ID-98,93834.0,CCCCCCCC/C=C\CCCCCCCC(N(CCO)CCO)=O,"N,N-Bis(2-hydroxyethyl)oleamide",Acute II,Highly & moderately toxic,113.6359272,1.216,1.563787504,369.66,43.62582,4.431435852,2.39,2.26886295497267
ID-496,30171803.0,CC1=CC=C(C(Br)=C1Br)OCC2CO2,Dibromocresyl glycidyl ether,Acute II,Highly & moderately toxic,21.99977578,-0.43,2.60694514,322.0,25.368968,2.920792622,2.39,2.0376663103426
ID-495,29253369.0,CC(C1=C2C=CC=CC2=CC=C1)C,Isopropylnaphthalene,Acute I,Highly & moderately toxic,0.0,-0.43,2.527029793,170.27,22.723495,4.23030905,2.36,2.05880985365572
ID-264,122407.0,O=C/C(CCCCC)=C\C1=CC=CC=C1,Amylcinnamic aldehyde,Acute I,Highly & moderately toxic,25.14492703,-0.297,2.601608824,202.32,25.408955,3.476877701,2.35,1.91307881487823
ID-253,118796.0,OC1=C(Br)C=C(Br)C=C1Br,"2,4,6-Tribromophenol",Acute II,Highly & moderately toxic,42.68334316,-0.986,3.21166181,330.79,20.873428,3.764382144,2.34,2.38598937311439
ID-376,764421.0,N#C/C=C/C#N,"2-Butenedinitrile, (E)-",Acute I,Highly & moderately toxic,62.11871154,-1.714,4.493892146,78.08,8.787782,-0.430020177,2.34,2.37191159272026
ID-443,5329124.0,NNC1=C(Cl)C=C(Cl)C=C1Cl,"2,4,6-Trichlorophenylhydrazine",Acute II,Highly & moderately toxic,50.66289393,-1.094,3.257490819,211.48,19.412084,3.245086182,2.33,2.039327614056
ID-285,129000.0,C12=CC=C3C=CC=C4C=CC(C2=C34)=CC=C1,Pyrene,Acute I,Highly & moderately toxic,0.0,-1.101,3.08206188,202.26,27.539699,4.759556776,2.31,2.6129377596574
ID-512,85785202.0,O=C(SCC1=CC=CC=C1)N(C(C)C(C)C)CC,"S-Benzyl N-(1,2-dimethylpropyl)-N-ethylthiocarbamate",Acute II,Highly & moderately toxic,28.26924093,-0.398,2.535440737,265.46,31.537902,3.344133243,2.31,2.06534106120147
ID-284,128370.0,OC1=C(C(C)(C)C)C=C(C)C=C1C(C)(C)C,"2,6-Di-tert-butyl-4-methylphenol",Acute II,Highly & moderately toxic,42.68334316,0.404,1.835123973,220.39,27.787089,4.177287572,2.3,2.58473211228793
ID-368,683103.0,CCCCCCCCCCCC[N+](C)(CC([O-])=O)C,"1-Dodecanaminium, N-(carboxymethyl)-N,N-dimethyl-, inner salt ",Acute II,Highly & moderately toxic,50.28985406,0.137,2.124077136,271.5,32.104399,0.57884244,2.29,2.17152480194464
ID-336,534521.0,CC1=CC([N+]([O-])=O)=CC([N+]([O-])=O)=C1O,"4,6-Dinitro-o-cresol",Acute II,Highly & moderately toxic,144.1771713,-1.824,4.390899726,198.15,17.638616,1.747986501,2.26,1.79704938528879
ID-449,6099792.0,CC(CC)C1=C(OC)C([N+]([O-])=O)=CC([N+]([O-])=O)=C1,Dinoseb methyl ether,Acute II,Highly & moderately toxic,112.493716,-1.841,4.447439767,254.27,24.913452,2.993570465,2.26,2.17937533478813
ID-269,123308.0,OC1=CC=C(N)C=C1,4-Aminophenol,Acute I,Highly & moderately toxic,75.58053063,0.031,2.03011657,109.14,12.614163,0.893132444,2.07,1.48559125854384
ID-155,100436.0,C=CC1=CC=NC=C1,4-Vinylpyridine,Acute I,Highly & moderately toxic,16.78552955,-0.403,2.863613032,105.15,13.226624,1.108777433,2.02,1.24925125003957
ID-50,84742.0,O=C(OCCCC)C1=CC=CC=C1C(OCCCC)=O,Dibutyl phthalate,Acute II,Highly & moderately toxic,72.28962984,-0.94,3.405368348,278.38,30.809815,3.618006416,2.0,2.1730016942289
ID-454,6807176.0,CC(C1=CC=C(O)C=C1)(C2=CC=C(O)C=C2)CC(C)C,"4,4'-(4-Methylpentane-2,2-diyl)diphenol",Acute II,Highly & moderately toxic,85.36668632,0.063,2.169194606,270.4,32.766225,4.035900486,2.0,1.86668521842587
ID-196,107186.0,C=CCO,Allyl alcohol,Acute I,Highly & moderately toxic,42.68334316,0.735,2.098739812,58.09,6.621722,0.201878464,1.99,1.13309976105775
ID-169,101848.0,C1(OC2=CC=CC=C2)=CC=CC=C1,Diphenyl ether ,Acute II,Highly & moderately toxic,10.99988789,-0.045,2.290975426,170.22,21.273353,3.394980278,1.98,1.72330159209238
ID-49,84695.0,O=C(OCC(C)C)C1=CC=CC=C1C(OCC(C)C)=O,Diisobutyl phthalate,Acute II,Highly & moderately toxic,72.28962984,-0.883,3.358179661,278.38,30.661281,3.618006416,1.97,2.1757641697601
ID-475,19715196.0,OC1=C(C(C)(C)C)C=C(C(C)(C)C)C=C1C(O)=O,"3,5-Di-tert-butylsalicylic acid",Acute II,Highly & moderately toxic,110.5116134,-0.296,2.493015546,250.37,28.718904,3.961353086,1.97,1.91272084568396
ID-506,52829079.0,O=C(OC1CC(C)(C)NC(C)(C)C1)CCCCCCCCC(OC2CC(C)(C)NC(C)(C)C2)=O,"Bis(2,2,6,6-tetramethyl-4-piperidyl) sebacate",Acute II,Highly & moderately toxic,108.3111312,0.994,1.43008425,480.82,55.115925,4.023281945,1.96,2.18794421985795
ID-134,98511.0,CC1=CC=C(C(C)(C)C)C=C1,4-tert-Butyltoluene,Acute II,Highly & moderately toxic,0.0,0.457,1.944690225,148.27,19.709182,3.853726622,1.94,1.84317822306859
ID-316,350301.0,O=[N+](C1=CC=C(F)C(Cl)=C1)[O-],2-Chloro-1-fluoro-4-nitrobenzene,Acute II,Highly & moderately toxic,65.70702735,-1.815,4.392249149,175.55,14.787711,2.945560924,1.94,1.53067030714951
ID-348,575417.0,CC1=CC(C)=C2C=CC=CC2=C1,"1,3-Dimethylnaphthalene",Acute II,Highly & moderately toxic,0.0,-0.374,2.446512406,156.24,21.026558,3.958494615,1.94,1.97287255886051
ID-416,2409554.0,CC1=CC=C(O)C(C(C)(C)C)=C1,2-tert-Butyl-p-cresol,Acute II,Highly & moderately toxic,42.68334316,0.254,1.995194023,164.27,20.404023,3.104726622,1.94,1.75207139403588
ID-363,624920.0,CSSC,Dimethyl disulphide,Acute II,Highly & moderately toxic,0.0,-0.782,2.858200056,94.22,10.669389,0.844551409,1.93,1.47173014846076
ID-296,140885.0,C=CC(OCC)=O,Ethyl acrylate,Acute II,Highly & moderately toxic,36.14481492,-0.217,2.872939845,100.13,10.651887,0.888151821,1.92,1.42907395156444
ID-221,110667.0,CCCCCS,Pentane-1-thiol,Acute II,Highly & moderately toxic,0.0,-0.218,2.377017065,104.24,12.64492,2.226400589,1.9,1.63708192797761
ID-73,90028.0,O=CC1=CC=CC=C1O,2-Hydroxybenzaldehyde,Acute II,Highly & moderately toxic,67.82827019,-0.702,2.997000446,122.13,13.285706,1.666988328,1.88,0.773211423386432
ID-85,91576.0,CC1=CC=C2C=CC=CC2=C1,2-Methylnaphthalene,Acute II,Highly & moderately toxic,0.0,-0.47,2.57975906,142.21,19.105477,3.677453945,1.87,1.98957049423604
ID-90,92068.0,C1(C2=CC=CC(C3=CC=CC=C3)=C2)=CC=CC=C1,m-Terphenyl,Acute II,Highly & moderately toxic,0.0,-0.268,2.5095394,230.32,30.754774,5.164734995,1.87,2.38410103243268
ID-118,95829.0,NC1=CC(Cl)=CC=C1Cl,"2,5-Dichloroaniline",Acute II,Highly & moderately toxic,32.89718747,-0.454,2.588915541,162.02,15.986198,2.728667024,1.87,1.40159222978367
ID-339,542756.0,ClC/C=C/Cl,"1,3-Dichloropropene",Acute II,Highly & moderately toxic,0.0,-0.452,2.957801655,110.97,9.99637,2.081400589,1.87,1.01840110041093
ID-358,615587.0,OC1=CC=C(Br)C=C1Br,"2,4-Dibromophenol",Acute II,Highly & moderately toxic,42.68334316,-0.692,2.896464252,251.9,17.575572,3.045875287,1.85,1.77900159659786
ID-369,688846.0,CC(C(OCC(CC)CCCC)=O)=C,2-Ethylhexyl methacrylate,Acute II,Highly & moderately toxic,36.14481492,0.24,2.421671176,198.34,23.519546,3.145711103,1.85,1.70710712712856
ID-408,1879090.0,OC1=C(C)C=C(C)C=C1C(C)(C)C,"2-(1,1-Dimethylethyl)-4,6-dimethylphenol",Acute II,Highly & moderately toxic,42.68334316,0.364,1.886068924,178.3,22.283372,3.385767292,1.85,2.03769707885003
ID-488,25377735.0,O=C(O1)C(/C=C/CCCCCCCCCC)CC1=O,Dodecenylsuccinic anhydride,Acute II,Highly & moderately toxic,61.28974195,0.103,2.518762019,266.42,30.479498,4.586109524,1.85,2.13563059536874
ID-399,1335462.0,O=C(/C=C/C1C(C)=CCCC1(C)C)CC,Methylionone,Acute II,Highly & moderately toxic,25.14492703,0.621,1.867367191,206.36,25.410707,3.261150378,1.84,2.15401302367814
ID-146,99876.0,CC1=CC=C(C(C)C)C=C1,p-Cymene,Acute II,Highly & moderately toxic,0.0,0.418,1.978616866,134.24,17.888181,3.562260622,1.83,1.66863677603749
ID-187,106467.0,ClC1=CC=C(Cl)C=C1,p-Dichlorobenzene,Acute II,Highly & moderately toxic,0.0,-0.679,3.019576493,147.0,14.482698,3.477667024,1.83,1.62625650787638
ID-347,573988.0,CC1=CC=C2C=CC=CC2=C1C,"1,2-Dimethylnaphthalene",Acute II,Highly & moderately toxic,0.0,-0.378,2.453605035,156.24,20.999712,3.958494615,1.83,1.97366641195216
ID-243,112414.0,C=CCCCCCCCCCC,Dodec-1-ene,Acute II,Highly & moderately toxic,0.0,1.156,1.760204367,168.36,22.597469,5.250959871,1.81,2.19637282030328
ID-125,96333.0,C=CC(OC)=O,Methyl acrylate,Acute II,Highly & moderately toxic,36.14481492,-0.279,2.939584495,86.1,8.756941,0.478712739,1.79,1.67596937651544
ID-483,25013165.0,OC1=CC=C(OC)C=C1C(C)(C)C,Butylated hydroxyanisole,Acute II,Highly & moderately toxic,53.68323105,0.027,2.061587264,360.54,41.209185,2.491937517,1.79,1.88532030663005
ID-64,88608.0,CC1=CC(O)=C(C(C)(C)C)C=C1,6-tert-Butyl-m-cresol,Acute II,Highly & moderately toxic,42.68334316,0.296,1.994104911,164.27,20.414823,3.104726622,1.78,1.75382370278838
ID-287,131577.0,O=C(C1=CC=CC=C1)C2=CC=C(OC)C=C2O,2-Hydroxy-4-methoxybenzophenone,Acute II,Highly & moderately toxic,78.82815808,-0.428,2.657483899,228.26,26.009643,3.180998619,1.78,1.82909320050105
ID-39,79947.0,CC(C1=CC(Br)=C(O)C(Br)=C1)(C2=CC(Br)=C(O)C(Br)=C2)C,"2,2',6,6'-tetrabromo-4,4'-isopropylidenediphenol",Acute II,Highly & moderately toxic,85.36668632,-0.733,2.932370232,543.87,40.331585,5.254741192,1.77,1.77901299214824
ID-509,68972963.0,C1(COC/C=C\COCC2=CC=CC=C2)=CC=CC=C1,"cis-1,4-Dibenzyloxy-2-butene",Acute II,Highly & moderately toxic,21.99977578,0.307,2.124728427,268.38,31.801307,3.420105002,1.77,2.00035650009473
ID-305,148243.0,OC1=C2N=CC=CC2=CC=C1,8-Hydroxyquinoline,Acute II,Highly & moderately toxic,59.46887271,-0.754,2.862463795,145.17,17.17747,1.963813506,1.76,1.12931972687696
ID-57,87616.0,ClC1=C(Cl)C(Cl)=CC=C1,"1,2,3-Trichlorobenzene",Acute II,Highly & moderately toxic,0.0,-0.922,3.29928754,181.44,16.449645,4.062875287,1.75,1.74493621391437
ID-203,108703.0,ClC1=CC(Cl)=CC(Cl)=C1,"1,3,5-Trichlorobenzene",Acute II,Highly & moderately toxic,0.0,-1.003,3.436888127,181.44,16.611867,4.062875287,1.75,1.7105107530605
ID-242,112301.0,CCCCCCCCCCO,1-Decanol,Acute II,Highly & moderately toxic,42.68334316,2.848,1.103211061,158.32,19.74437,3.806453202,1.75,1.69042680317781
ID-297,141322.0,C=CC(OCCCC)=O,n-Butyl acrylate,Acute II,Highly & moderately toxic,36.14481492,-0.288,2.858592098,128.19,14.424772,1.619086469,1.73,1.11048925847436
ID-193,106912.0,CC(C(OCC1CO1)=O)=C,Glycidyl methacrylate,Acute II,Highly & moderately toxic,47.14470281,0.344,2.369695888,142.17,14.512744,0.391306313,1.71,1.09105601032571
ID-421,2465272.0,CN(C)C1=CC=C(NCC2=CC=C(C=C2)N(C)C)C=C1,"4,4'-(Iminomethylene)bis(N,N-dimethylaniline) monohydrochloride",Acute II,Highly & moderately toxic,24.25937847,-0.517,2.488743354,269.43,36.455252,3.230551472,1.71,2.08219103109895
ID-92,92693.0,OC1=CC=C(C2=CC=CC=C2)C=C1,p-Phenylphenol,Acute II,Highly & moderately toxic,42.68334316,-0.141,2.34925306,170.22,21.326956,3.126980278,1.7,1.68058020112064
ID-259,120832.0,OC1=CC=C(Cl)C=C1Cl,"2,4-Dichlorophenol",Acute II,Highly & moderately toxic,42.68334316,-0.749,2.988725463,163.0,15.233862,2.728667024,1.68,1.41396374592149
ID-206,108872.0,CC1CCCCC1,Methylcyclohexane,Acute II,Highly & moderately toxic,0.0,3.948,0.746849302,98.21,13.096614,3.477335237,1.67,1.58388145529838
ID-499,40220084.0,O=C(N(CCO)C(N1CCO)=O)N(CCOC(C=C)=O)C1=O,Tris(2-hydroxyethyl)isocyanuric acid acrylate,Acute II,Highly & moderately toxic,206.319224,-0.74,3.236839317,315.32,28.636739,-0.459823532,1.67,1.52938925129428
ID-444,5394183.0,O=C(N1CCCCBr)C2=CC=CC=C2C1=O,N-(4-Bromobutyl)phthalimide,Acute II,Highly & moderately toxic,53.41416796,-1.454,3.827057344,282.15,26.116688,2.977500545,1.66,2.25871261667057
ID-67,88857.0,OC1=C([N+]([O-])=O)C=C([N+]([O-])=O)C=C1C(C)CC,"Phenol, 2-(1-methylpropyl)-4,6-dinitro-",Acute I,Highly & moderately toxic,144.1771713,-1.739,4.271482365,240.24,23.103198,2.702104465,2.93,2.31656267579461
ID-260,120956.0,OC1=CC=C(C(C)(C)CC)C=C1C(C)(C)CC,"2,4-Di-tert-pentylphenol",Acute I,Highly & moderately toxic,42.68334316,0.333,1.92633745,234.42,29.496179,4.426678785,2.91,2.6272314919928
ID-145,99821.0,CC1CCC(C(C)C)CC1,p-Menthane,Acute I,Highly & moderately toxic,0.0,3.97,0.719639299,140.3,18.562883,4.431453202,2.87,2.66378977925974
ID-452,6165511.0,CC1=CC=C(C)C=C1C(C2=CC=CC=C2)C,2-(1-Phenylethyl)-p-xylene,Acute I,Highly & moderately toxic,0.0,0.339,1.99984913,210.34,27.651411,4.916891771,2.83,2.61825999994968
ID-112,95705.0,CC1=CC(N)=CC=C1N,"2,5-Diaminotoluene",Acute I,Highly & moderately toxic,65.79437494,0.346,1.684597575,122.19,15.234049,1.246353553,2.81,1.72710232034488
ID-283,127902.0,ClC(Cl)(Cl)C(Cl)COCC(Cl)C(Cl)(Cl)Cl,"2,3,3,3,2',3',3',3'-Octachlorodipropyl ether",Acute I,Highly & moderately toxic,10.99988789,-0.966,3.600255752,377.72,28.104189,4.002342957,2.81,2.92751156154957
ID-344,556616.0,CN=C=S,Methyl isothiocyanate,Acute I,Highly & moderately toxic,16.78552955,-0.469,2.60086433,73.13,7.848184,1.157091745,2.79,1.44042876691326
ID-322,406860.0,N#C/C=C/C(F)(F)F,"4,4,4-Trifluorocrotonitrile",Acute I,Highly & moderately toxic,75.93969558,-1.588,4.459072867,121.07,8.416294,1.149236772,2.78,2.58849309181904
ID-357,611198.0,ClC1=CC=CC=C1CCl,2-Chlorobenzyl chloride,Acute I,Highly & moderately toxic,0.0,-0.656,3.01085847,161.03,16.265666,3.526875287,2.78,1.78410744703168
ID-462,13048334.0,COC(C=C)=O,Hexamethylene diacrylate,Acute I,Highly & moderately toxic,72.28962984,-0.361,2.931985366,226.3,24.504013,2.127002375,2.78,2.30583790598467
ID-43,80433.0,CC(OOC(C)(C1=CC=CC=C1)C)(C2=CC=CC=C2)C,Di-alpha-cumyl peroxide,Acute I,Highly & moderately toxic,27.43123428,0.183,2.19003334,270.4,32.875638,4.311900486,2.76,2.61183039783633
ID-102,95329.0,N1(SSC2=NC3=CC=CC=C3S2)CCOCC1," 4-(1,3-benzothiazol-2-yldisulfanyl)morpholine",Acute I,Highly & moderately toxic,29.30397809,-1.01,3.033308917,284.46,32.119889,0.905792136,2.76,2.39376756004149
ID-08,60093.0,NC1=CC=C(/N=N/C2=CC=CC=C2)C=C1,"Aniline, p-(phenylazo)-",Acute I,Highly & moderately toxic,66.22320234,-0.916,2.887132551,197.26,25.883654,2.678615533,2.75,2.19321289309481
ID-286,131179.0,O=C(OCC=C)C1=CC=CC=C1C(OCC=C)=O,Diallyl phthalate,Acute I,Highly & moderately toxic,72.28962984,-0.908,3.346671629,246.28,26.771,2.950168189,2.75,2.48302072942945
ID-484,25103586.0,CCCCCCCCCC(C)(S)C,tert-Dodecanethiol,Acute I,Highly & moderately toxic,0.0,-0.092,2.255728384,202.45,25.402369,5.395959871,2.73,2.47881105590533
ID-361,620939.0,CC1=CC=C(NC2=CC=C(C)C=C2)C=C1,Di-p-tolylamine,Acute I,Highly & moderately toxic,18.01075068,0.096,1.915146269,197.3,26.431994,3.930363364,2.66,2.24828664814832
ID-239,111886.0,CCCCCCCCS,1-Mercaptooctane,Acute I,Highly & moderately toxic,0.0,-0.222,2.381221384,146.33,18.158562,4.202859603,2.65,2.08671862082888
ID-164,101144.0,NC1=CC=C(CC2=CC=C(C(Cl)=C2)N)C=C1Cl,"4,4'-Methylenebis(2-chloroaniline)",Acute I,Highly & moderately toxic,65.79437494,-0.09,2.174971689,267.17,29.306051,3.841711454,2.64,1.8262609384199
ID-29,77474.0,ClC1=C(Cl)C(Cl)=C(Cl)C1(Cl)Cl,Hexachlorocyclopentadiene,Acute I,Highly & moderately toxic,0.0,-2.138,4.679812364,272.75,21.247958,3.558459538,4.29,4.17033057277862
ID-27,76062.0,O=[N+](C(Cl)(Cl)Cl)[O-],Trichloronitromethane,Acute I,Highly & moderately toxic,50.74691408,-1.607,4.36322753,164.37,10.892738,1.181392246,4.22,3.37228267836041
ID-211,108985.0,SC1=CC=CC=C1,Benzenethiol,Acute I,Highly & moderately toxic,0.0,-0.46,2.53950776,110.19,13.260953,2.522921549,4.09,1.6795720228149
ID-378,793248.0,CC(C)CC(NC1=CC=C(NC2=CC=CC=C2)C=C1)C,"N-1,3-Dimethylbutyl-N'-phenyl-p-phenylenediamine",Acute I,Highly & moderately toxic,36.02150137,0.214,1.792472354,268.44,35.286754,4.303900486,3.97,2.89188039779907
ID-160,100630.0,NNC1=CC=CC=C1,"Hydrazine, phenyl-",Acute I,Highly & moderately toxic,50.66289393,0.069,2.127542008,108.16,13.076412,1.437132444,3.83,1.22526368981039
ID-266,122667.0,C1(NNC2=CC=CC=C2)=CC=CC=C1,Hydrazobenzene,Acute I,Highly & moderately toxic,35.77645714,0.188,1.97309643,184.26,23.2366,3.326191173,3.63,2.07406638212472
ID-276,124287.0,CN(C)CCCCCCCCCCCCCCCCCC,Dimantine,Acute I,Highly & moderately toxic,3.124313894,2.968,0.718645633,297.64,38.797038,6.360515363,3.58,3.58000000920966
ID-387,882337.0,C1(SSC2=CC=CC=C2)=CC=CC=C1,Phenyl disulfide,Acute I,Highly & moderately toxic,0.0,-1.14,3.195770908,218.36,26.914682,4.411980278,3.58,2.64181209385758
ID-377,782741.0,ClC1=CC=CC=C1NNC2=CC=CC=C2Cl,"1,2-Bis(2-chlorophenyl)hydrazine",Acute I,Highly & moderately toxic,35.77645714,-0.534,2.62639415,253.14,27.236918,4.397574259,3.4,2.6254869393971
ID-406,1806264.0,OC1=CC=C(CCCCCCCC)C=C1,p-Octylphenol,Acute I,Highly & moderately toxic,42.68334316,0.104,2.158695667,206.36,25.952304,4.833150378,3.37,2.63149657704204
ID-409,1953997.0,N#CC1=C(Cl)C(Cl)=C(Cl)C(Cl)=C1C#N,"3,4,5,6-Tetrachlorobenzene-1,2-dicarbonitrile",Acute I,Highly & moderately toxic,62.11871154,-2.425,5.189227084,265.9,23.622433,3.13270551,3.35,2.80493202070625
ID-341,545062.0,N#CC(Cl)(Cl)Cl,Trichloroacetonitrile,Acute I,Highly & moderately toxic,31.05935577,-1.259,4.120192455,144.38,10.675452,1.064400589,3.3,2.99260186612971
ID-191,106503.0,NC1=CC=C(N)C=C1,p-Phenylenediamine,Acute I,Highly & moderately toxic,65.79437494,0.372,1.584842187,108.16,13.434424,0.893132444,3.21,1.67094824075628
ID-59,87865.0,OC1=C(Cl)C(Cl)=C(Cl)C(Cl)=C1Cl,Pentachlorophenol,Acute I,Highly & moderately toxic,42.68334316,-1.51,3.85992775,266.32,21.535587,3.908726622,3.15,2.65876621796135
ID-446,5510996.0,OC1=C(C(C)CC)C=CC=C1C(C)CC,"2,6-Di-sec-butylphenol",Acute I,Highly & moderately toxic,42.68334316,0.321,1.974029803,206.36,25.831837,3.921150378,3.14,2.3738730389295
ID-247,115322.0,ClC1=CC=C(C(O)(C(Cl)(Cl)Cl)C2=CC=C(Cl)C=C2)C=C1,Kelthane,Acute I,Highly & moderately toxic,42.68334316,-0.869,3.223612591,370.48,34.631377,5.149034176,3.12,2.70227857794954
ID-128,97007.0,O=[N+](C1=CC=C(Cl)C([N+]([O-])=O)=C1)[O-],"1-Chloro-2,4-dinitrobenzene",Acute I,Highly & moderately toxic,101.4938282,-2.309,5.114668968,202.56,17.062459,2.507122047,3.1,1.64837539691446
ID-136,98817.0,C=C(Br)C1=CC=CC=C1,alpha-Bromostyrene,Acute I,Highly & moderately toxic,0.0,-0.294,2.679094697,183.05,17.180787,3.589800321,3.09,2.0208124912047
ID-482,23184669.0,O=C(N(COCCCC)C1=C(CC)C=CC=C1CC)CCl,"N-(Butoxymethyl)-2-Chloro-2',6'-diethylacetanilide ",Acute I,Highly & moderately toxic,39.26912881,0.087,2.281549176,311.89,34.729313,3.912542119,3.05,2.30999339037689
ID-389,920376.0,C=C(Cl)C#N,"2-Propenenitrile, 2-chloro-",Acute I,Highly & moderately toxic,31.05935577,-1.003,3.584172422,87.51,8.315483,0.547501844,3.02,2.3710015088432
ID-46,82688.0,O=[N+](C1=C(Cl)C(Cl)=C(Cl)C(Cl)=C1Cl)[O-],Pentachloronitrobenzene,Acute I,Highly & moderately toxic,50.74691408,-2.1,4.715270244,295.32,23.306556,4.290157361,2.97,3.02770647182065
ID-301,143088.0,CCCCCCCCCO,1-Nonanol,Acute II,Highly & moderately toxic,42.68334316,2.848,1.103006372,144.29,17.906222,3.503067867,1.65,1.5599890422043
ID-62,88186.0,OC1=CC=CC=C1C(C)(C)C,2-tert-Butylphenol,Acute II,Highly & moderately toxic,42.68334316,0.197,2.100730325,150.24,18.469796,2.813260622,1.61,1.41167072260112
ID-141,99547.0,ClC1=CC=C([N+]([O-])=O)C=C1Cl,"3,4-Dichloronitrobenzene",Acute II,Highly & moderately toxic,50.74691408,-1.894,4.467574143,192.0,16.830836,3.110097763,1.61,1.88960855556036
ID-178,104518.0,CCCCC1=CC=CC=C1,Butylbenzene,Acute II,Highly & moderately toxic,0.0,0.33,2.122153216,134.24,17.810515,3.562260622,1.61,1.69052527365736
ID-474,19398619.0,CC1=CC(Cl)=CC=C1Cl,"2,5-Dichlorotoluene",Acute II,Highly & moderately toxic,0.0,-0.563,2.878247753,161.03,16.392755,3.794875287,1.61,1.87710875114171
ID-300,143077.0,CCCCCCCCCCCC(O)=O,Lauric acid,Acute II,Highly & moderately toxic,67.82827019,0.977,2.068969482,200.36,23.632625,4.165170766,1.6,1.82094669990748
ID-106,95501.0,ClC1=CC=CC=C1Cl,o-Dichlorobenzene,Acute II,Highly & moderately toxic,0.0,-0.613,2.967106116,147.0,14.382154,3.477667024,1.59,1.61943946402655
ID-411,2219821.0,CC1=CC=CC(C(C)(C)C)=C1O,6-tert-Butyl-o-cresol,Acute II,Highly & moderately toxic,42.68334316,0.307,1.988311707,164.27,20.356183,3.104726622,1.58,1.75167826533694
ID-86,91598.0,NC1=CC=C2C=CC=CC2=C1,beta-Naphthylamine,Acute II,Highly & moderately toxic,32.89718747,-0.374,2.328310168,143.2,18.785427,2.636987946,1.57,1.37646206566226
ID-99,95089.0,CCC(CC)C(OCCOCCOCCOC(C(CC)CC)=O)=O,"2,2'-Ethylenedioxydiethyl bis(2-ethylbutyrate)",Acute II,Highly & moderately toxic,94.28940562,1.005,1.905751551,346.52,37.16438,2.276188911,1.57,1.59499222049253
ID-365,634935.0,NC1=C(Cl)C=C(Cl)C=C1Cl,"2,4,6-Trichloroaniline",Acute II,Highly & moderately toxic,32.89718747,-0.795,2.901152749,196.46,18.095694,3.313875287,1.57,1.75788090972242
ID-197,108054.0,CC(OC=C)=O,Vinyl acetate,Acute II,Highly & moderately toxic,36.14481492,0.397,2.237293333,86.1,9.037819,0.478712739,1.56,1.13741118186705
ID-219,110441.0,C/C=C/C=C/C(O)=O,Sorbic acid,Acute III,Slightly toxic & relatively nontoxic,67.82827019,-0.462,2.931797794,112.14,12.239746,1.169132444,0.18,0.725701275992137
ID-52,85416.0,O=C(N1)C2=CC=CC=C2C1=O,Phthalimide,Acute III,Slightly toxic & relatively nontoxic,68.30060475,-1.472,4.009764278,147.14,15.640101,1.379825086,0.17,0.570141511656226
ID-149,99967.0,O=C(O)C1=CC=C(O)C=C1,4-Hydroxybenzoic acid,Acute III,Slightly toxic & relatively nontoxic,110.5116134,-0.729,3.083840771,138.13,13.984248,1.132208172,0.17,0.407974559550975
ID-314,348549.0,NC1=CC=CC=C1F,o-Fluoroaniline,Acute III,Slightly toxic & relatively nontoxic,47.85730074,0.007,2.15350567,111.13,11.925916,1.953252198,0.17,1.11363644066168
ID-61,88095.0,CCC(CC)C(O)=O,"Butanoic acid, 2-ethyl-",Acute III,Slightly toxic & relatively nontoxic,67.82827019,1.083,1.952871339,116.18,12.557775,1.373325023,0.14,1.21421123209163
ID-36,79118.0,O=C(O)CCl,Chloroacetic acid ,Acute III,Slightly toxic & relatively nontoxic,67.82827019,-0.461,3.171743683,94.5,7.183642,0.133089359,0.12,0.699295303122034
ID-436,4067167.0,NCCNCCNCCNCCNCCN,Pentaethylenehexamine,Acute III,Slightly toxic & relatively nontoxic,137.8373777,2.42,0.956440499,232.44,26.441053,-1.189567409,0.04,0.04
ID-37,79141.0,OCC(O)=O,Glycolic acid,Acute III,Slightly toxic & relatively nontoxic,110.5116134,0.632,2.278226482,76.06,5.894428,-1.222017852,-0.01,0.0704101202882055
ID-353,591275.0,OC1=CC=CC(N)=C1,3-Aminophenol,Acute III,Slightly toxic & relatively nontoxic,75.58053063,0.343,1.868381369,109.14,12.501498,0.893132444,-0.04,1.44172471722233
ID-190,106490.0,NC1=CC=C(C)C=C1,p-Toluidine,Acute III,Slightly toxic & relatively nontoxic,32.89718747,0.426,1.724062507,107.17,13.788436,1.859142658,-0.05,0.556850672446309
ID-489,25675289.0,CC(O)C1=CC=CC(C)=C1,1-(3-Methylphenyl)ethanol,Acute III,Slightly toxic & relatively nontoxic,42.68334316,0.246,2.178506177,136.21,16.603864,2.241875287,-0.1,0.979402226708079
ID-403,1540369.0,CC(C(CCCC)C(C)=O)=O,"2,4-Pentanedione, 3-butyl-",Acute III,Slightly toxic & relatively nontoxic,50.28985406,0.517,2.160196927,156.25,17.525243,1.457819099,-0.13,0.602163145963029
ID-34,78875.0,CC(Cl)CCl,"1,2-Dichloropropane",Acute III,Slightly toxic & relatively nontoxic,0.0,-0.082,2.832611273,112.99,10.174906,2.226400589,-0.15,1.06016395755828
ID-218,110269.0,C=CC(NCNC(C=C)=O)=O,"N,N'-Methylenediacrylamide",Acute III,Slightly toxic & relatively nontoxic,86.31135543,-0.166,2.659765556,154.19,16.0753,0.194377741,-0.19,0.0923449935222569
ID-310,286624.0,C1(O2)C2CCCCCC1,Cyclooctene oxide,Acute III,Slightly toxic & relatively nontoxic,10.99988789,2.546,1.145910003,126.22,15.155084,1.881859603,-0.2,0.617894598918034
ID-74,90040.0,NC1=CC=CC=C1OC,o-Anisidine,Acute III,Slightly toxic & relatively nontoxic,43.89707536,0.211,1.955649318,123.17,14.407158,1.246353553,-0.21,0.875510739179921
ID-02,56371.0,CC[N+](CC)(CC1=CC=CC=C1)CC,Benzyltriethylammonium chloride,Acute III,Slightly toxic & relatively nontoxic,0.0,-0.899,2.81734625,192.36,26.563194,-0.294418273,-0.48,-0.329931677589464
ID-364,629403.0,N#CCCCCCCC#N,Octanedinitrile,Acute III,Slightly toxic & relatively nontoxic,62.11871154,1.044,2.2801,136.22,15.970839,1.140610835,-0.61,0.483930821389558
ID-158,100550.0,OCC1=CC=CN=C1,3-Hydroxymethylpyridine,Acute III,Slightly toxic & relatively nontoxic,59.46887271,-0.16,2.586889992,109.14,12.124848,-0.034867556,-0.93,0.365379652522248
ID-272,123466.0,O=C(N(C)N(C)C)C[N+]([H])([H])([H]),"Ethanaminium, 2-hydrazino-N,N,N-trimethyl-2-oxo-, chloride",Acute III,Slightly toxic & relatively nontoxic,75.80782096,-0.49,2.613898133,132.22,15.837387,-3.925999103,-1.92,-1.8314319943787
ID-407,1855636.0,N#CC1=CCCCC1,1-Cyclohexene-1-carbonitrile,Acute III,Slightly toxic & relatively nontoxic,31.05935577,-0.16,2.662310256,107.17,13.325882,1.295875574,0.42,1.15597279470992
ID-343,555033.0,COC1=CC=CC([N+]([O-])=O)=C1,m-Nitroanisole,Acute III,Slightly toxic & relatively nontoxic,61.74680197,-1.296,3.604100996,153.15,15.377254,1.700742966,0.41,0.598774282994063
ID-144,99763.0,O=C(OC)C1=CC=C(O)C=C1,Methyl p-hydroxybenzoate,Acute III,Slightly toxic & relatively nontoxic,78.82815808,-0.551,2.859609081,152.16,15.914669,1.465732538,0.4,0.511912184636809
ID-135,98599.0,CC1=CC=C(S(=O)(Cl)=O)C=C1,4-Toluenesulfonyl chloride,Acute III,Slightly toxic & relatively nontoxic,44.31295207,-1.063,3.54910872,190.66,18.551182,1.947605242,0.39,0.9331998227831
ID-15,68111.0,O=C(O)CS,Mercaptoacetic acid,Acute III,Slightly toxic & relatively nontoxic,67.82827019,-1.049,3.309799021,92.13,7.971719,-0.386237696,0.36,0.703644163803728
ID-66,88755.0,OC1=CC=CC=C1[N+]([O-])=O,o-Nitrophenol,Acute III,Slightly toxic & relatively nontoxic,93.43025724,-1.196,3.565495017,139.12,13.367767,1.347521857,0.34,0.493157585971461
ID-23,75354.0,C=C(Cl)Cl,"Ethene, 1,1-dichloro-",Acute III,Slightly toxic & relatively nontoxic,0.0,-0.181,2.761927286,96.94,8.033802,1.671961507,0.33,0.954985157683053
ID-82,91225.0,C12=CC=CC=C1N=CC=C2,Quinoline,Acute III,Slightly toxic & relatively nontoxic,16.78552955,-0.828,3.061089505,129.17,16.354557,2.06560261,0.29,0.935635437009391
ID-159,100618.0,CNC1=CC=CC=C1,N-Methylaniline,Acute III,Slightly toxic & relatively nontoxic,18.01075068,0.407,1.785057639,107.17,13.787713,1.859142658,0.27,0.537917169796493
ID-313,298124.0,O=CC(O)=O,Glyoxylic acid,Acute III,Slightly toxic & relatively nontoxic,92.97319723,-1.078,3.592167198,74.04,5.54693,-1.329477516,0.26,0.404232041894662
ID-345,556821.0,CC(C)=CCO,3-Methylbut-2-en-1-ol,Acute III,Slightly toxic & relatively nontoxic,42.68334316,1.206,1.575759313,86.15,10.393352,1.064400589,0.26,0.684572715930508
ID-228,111148.0,CCCCCCC(O)=O,Heptanoic acid,Acute III,Slightly toxic & relatively nontoxic,67.82827019,0.979,2.073865779,130.21,14.445818,1.726546132,0.24,0.922811220049373
ID-329,497187.0,NNC(NN)=O,Carbonohydrazide,Acute III,Slightly toxic & relatively nontoxic,126.4707149,0.652,2.010532418,90.11,7.683808,-1.835063506,0.24,0.162985499782913
ID-139,99047.0,CC1=CC(C(O)=O)=CC=C1,m-Toluic acid,Acute III,Slightly toxic & relatively nontoxic,67.82827019,-0.677,3.071107158,136.16,15.120735,2.033512694,0.22,0.69172602578019
ID-275,124094.0,NCCCCCCN,"1,6-Hexanediamine",Acute III,Slightly toxic & relatively nontoxic,65.79437494,3.342,0.728212423,116.24,14.097546,0.706325023,0.21,0.374247916888045
ID-447,5536618.0,CC(C([O-])=O)=C,Sodium methacrylate,Acute III,Slightly toxic & relatively nontoxic,50.28985406,0.855,1.872487659,85.09,8.543318,0.381979823,0.21,0.914171370796914
ID-140,99092.0,NC1=CC=CC([N+]([O-])=O)=C1,"Benzenamine, 3-nitro-",Acute III,Slightly toxic & relatively nontoxic,83.64410155,-1.159,3.317067519,138.14,14.166285,1.347521857,0.19,0.542830965337116
ID-400,1477550.0,NCC1=CC=CC(CN)=C1,m-Phenylenebis(methylamine),Acute III,Slightly toxic & relatively nontoxic,65.79437494,0.065,2.301696381,136.22,16.493677,1.043877919,0.19,0.481941447746515
ID-434,3984223.0,C=CC1OCCO1,"2-Vinyl-1,3-dioxolane",Acute III,Slightly toxic & relatively nontoxic,21.99977578,0.79,1.980510136,100.13,10.368307,0.197611484,0.19,0.815207653398556
ID-391,947046.0,O=C1CCCCCCCCCCCN1,Dodecane-12-lactam,Acute III,Slightly toxic & relatively nontoxic,29.01063857,2.328,1.073270617,197.36,23.84717,2.600170766,0.56,0.85209198655271
ID-460,10500579.0,C12=C(N=CC=C2)CCCC1,"5,6,7,8-Tetrahydroquinoline",Acute III,Slightly toxic & relatively nontoxic,16.78552955,0.073,2.309059416,133.21,16.654947,1.849875287,0.56,0.951489891821539
ID-16,69727.0,OC1=CC=CC=C1C(O)=O,Salicylic acid,Acute III,Slightly toxic & relatively nontoxic,110.5116134,-0.905,3.275766002,138.13,13.842832,1.643208172,0.55,0.481240844184175
ID-202,108690.0,NC1=CC(C)=CC(C)=C1,"3,5-Dimethylaniline",Acute III,Slightly toxic & relatively nontoxic,32.89718747,0.585,1.676486842,121.2,15.594842,2.192667024,0.55,0.719977098707339
ID-359,619249.0,N#CC1=CC=CC([N+]([O-])=O)=C1,3-Nitrobenzonitrile,Acute III,Slightly toxic & relatively nontoxic,81.80626985,-1.847,4.532925906,148.13,15.024421,1.610377741,0.55,0.783170825313237
ID-381,827430.0,CC1=CNC(C2=CC=CC=C2)=N1,4-Methyl-2-phenyl-1H-imidazole,Acute III,Slightly toxic & relatively nontoxic,16.78552955,-0.372,2.467640693,158.22,19.753223,2.176198841,0.55,1.18577968561458
ID-35,79016.0,ClC(Cl)=CCl,Trichloroethylene,Acute III,Slightly toxic & relatively nontoxic,0.0,-0.718,3.169256413,131.38,10.320296,2.226400589,0.54,0.963628333648878
ID-100,95169.0,C12=CC=CC=C1SC=N2,Benzothiazole,Acute III,Slightly toxic & relatively nontoxic,16.78552955,-0.918,3.072196076,135.2,15.766474,1.500777433,0.54,0.831455552138214
ID-267,123115.0,O=CC1=CC=C(OC)C=C1,p-Methoxybenzaldehyde,Acute III,Slightly toxic & relatively nontoxic,36.14481492,-0.512,2.755107409,136.16,15.427328,1.489512694,0.53,0.998207080143164
ID-65,88744.0,NC1=CC=CC=C1[N+]([O-])=O,o-Nitroaniline,Acute III,Slightly toxic & relatively nontoxic,83.64410155,-1.044,3.211731069,138.14,14.147744,1.347521857,0.52,0.547649873830729
ID-304,144627.0,O=C(O)C(O)=O,Oxalic acid,Acute III,Slightly toxic & relatively nontoxic,135.6565404,-1.068,3.726001571,90.04,6.189977,-1.325307946,0.52,0.473826232291162
ID-83,91236.0,COC1=CC=CC=C1[N+]([O-])=O,o-Nitroanisole,Acute III,Slightly toxic & relatively nontoxic,61.74680197,-1.083,3.380625463,153.15,15.365692,1.700742966,0.51,0.645873212646189
ID-466,14802030.0,CCCCC(CC)CP(O)(OCC(CC)CCCC)=O,2-Ethylhexyl hydrogen (2-ethylhexyl)phosphonate,Acute III,Slightly toxic & relatively nontoxic,64.31669851,0.629,1.969883044,306.48,36.529028,3.864302103,0.5,1.66147674466305
ID-209,108918.0,NC1CCCCC1,Cyclohexylamine,Acute III,Slightly toxic & relatively nontoxic,32.89718747,3.463,0.670899808,99.2,12.426639,1.195114128,0.48,0.57354704145948
ID-147,99887.0,NC1=CC=C(C(C)C)C=C1,4-Isopropylaniline,Acute III,Slightly toxic & relatively nontoxic,32.89718747,0.399,1.783887734,135.23,17.473562,2.509875287,0.47,1.09192301030696
ID-274,124072.0,CCCCCCCC(O)=O,Octanoic acid,Acute III,Slightly toxic & relatively nontoxic,67.82827019,0.978,2.073485022,144.24,16.283448,2.972070498,0.45,0.808644541277182
ID-09,60242.0,SCCO,2-Mercaptoethanol,Acute III,Slightly toxic & relatively nontoxic,42.68334316,-0.457,2.620409654,78.15,7.706645,-0.172448591,0.43,1.27289775605537
ID-214,109897.0,CCNCC,Diethylamine,Acute III,Slightly toxic & relatively nontoxic,18.01075068,3.241,0.657637478,73.16,9.345998,0.799961507,0.43,0.50598460345271
ID-216,110021.0,C1=CC=CS1,Thiophene,Acute III,Slightly toxic & relatively nontoxic,0.0,-0.359,2.545089493,84.15,9.856839,1.172501844,0.43,1.27654541890375
ID-327,483636.0,CC1=CC=CC=C1N(CC)C(/C=C/C)=O,N-Ethyl-N-crotonoyl-2-toluidine,Acute III,Slightly toxic & relatively nontoxic,28.26924093,-0.017,2.265532133,203.31,25.067167,3.006519946,0.43,1.69226383779837
ID-277,124481.0,ClC(Br)Br,Dibromochloromethane,Acute III,Slightly toxic & relatively nontoxic,0.0,-0.847,3.371175133,208.27,10.764128,2.226400589,0.42,0.86566692240736
ID-402,1502223.0,O=C1C(C2=CCCCC2)CCCC1,2-(1-cyclohexen-1-yl)cyclohexan-1-one,Acute III,Slightly toxic & relatively nontoxic,25.14492703,0.9,1.709555347,178.3,21.646893,2.822500208,0.79,1.74256693425469
ID-122,96128.0,ClCC(Br)CBr,"1,2-Dibromo-3-chloropropane",Acute III,Slightly toxic & relatively nontoxic,0.0,-0.214,2.757509256,236.33,14.28631,2.957335237,0.78,1.37891648726909
ID-173,102818.0,CCCCN(CCO)CCCC,2-(Dibutylamino)ethanol,Acute III,Slightly toxic & relatively nontoxic,45.80765705,2.459,0.892803113,173.34,20.971631,2.013664097,0.78,0.879763087677151
ID-21,75274.0,ClC(Br)Cl,Bromodichloromethane,Acute III,Slightly toxic & relatively nontoxic,0.0,-0.816,3.421049911,163.82,9.634393,2.026240914,0.77,0.869965524096524
ID-80,91156.0,N#CC1=CC=CC=C1C#N,Phthalonitrile,Acute III,Slightly toxic & relatively nontoxic,62.11871154,-1.543,4.107558639,128.14,15.064689,1.403605242,0.75,0.590415625247897
ID-176,103833.0,CN(C)CC1=CC=CC=C1,"N,N-Dimethylbenzylamine",Acute III,Slightly toxic & relatively nontoxic,3.124313894,0.345,1.985588421,135.23,17.247109,2.241875287,0.75,0.97832289658332
ID-198,108383.0,CC1=CC=CC(C)=C1,m-Xylene,Acute III,Slightly toxic & relatively nontoxic,0.0,0.412,2.020323662,106.18,14.179227,2.941667024,0.75,1.11627048399427
ID-356,606202.0,CC1=C([N+]([O-])=O)C=CC=C1[N+]([O-])=O,"2,6-Dinitrotoluene",Acute III,Slightly toxic & relatively nontoxic,101.4938282,-1.918,4.593967415,182.15,16.797742,2.239122047,0.73,1.34480035173879
ID-431,3452979.0,CC(C)(C)CC(C)CCO,"3,5,5-Trimethyl-1-hexanol",Acute III,Slightly toxic & relatively nontoxic,42.68334316,2.905,1.068691099,144.29,17.788519,2.591067867,0.71,1.04050402423501
ID-394,1118612.0,C/C(N)=C/C#N,"2-Butenenitrile, 3-amino-",Acute III,Slightly toxic & relatively nontoxic,63.95654324,0.147,2.174579309,82.12,9.637891,-0.333287261,0.68,0.937621992151627
ID-374,760236.0,C=CC(Cl)CCl,"3,4-Dichlorobut-1-ene",Acute III,Slightly toxic & relatively nontoxic,0.0,-0.219,2.872775904,125.0,11.799001,2.459114128,0.67,1.28448509706912
ID-33,78795.0,C=CC(C)=C,Isoprene,Acute III,Slightly toxic & relatively nontoxic,0.0,0.49,2.061991719,68.13,9.524841,1.973940925,0.66,0.819501384115448
ID-333,515844.0,O=C(OCC)C(Cl)(Cl)Cl,Ethyl trichloroacetate,Acute III,Slightly toxic & relatively nontoxic,36.14481492,-0.833,3.491682478,191.44,15.03637,1.726546132,0.64,0.820704965510148
ID-262,121448.0,CCN(CC)CC,Triethylamine,Acute III,Slightly toxic & relatively nontoxic,3.124313894,2.989,0.68246836,101.22,13.051581,1.587114128,0.63,0.472742777144562
ID-127,96968.0,NC1=CC=C(OC)C=C1[N+]([O-])=O,2-Nitro-p-anisidine,Acute III,Slightly toxic & relatively nontoxic,94.64398944,-1.116,3.160707291,168.17,17.02349,1.181079152,0.61,0.566876255814632
ID-181,105533.0,O=C(OCC)CC(OCC)=O,Diethyl malonate,Acute III,Slightly toxic & relatively nontoxic,72.28962984,0.421,2.435099454,160.19,15.404326,0.787475882,0.61,0.448278592317461
ID-07,60004.0,O=C(CN(CCN(CC(O)=O)CC(O)=O)CC(O)=O)O,Ethylenediaminetetraacetic acid,Acute III,Slightly toxic & relatively nontoxic,277.5617086,-0.074,2.585545201,292.28,24.757629,-1.35842275,0.6,0.716638766582882
ID-210,108952.0,OC1=CC=CC=C1,Phenol,Acute III,Slightly toxic & relatively nontoxic,42.68334316,0.036,2.281889791,94.12,11.079359,1.505921549,0.58,1.07811207277821
ID-207,108883.0,CC1=CC=CC=C1,Toluene,Acute III,Slightly toxic & relatively nontoxic,0.0,0.317,2.129063969,92.15,12.26971,2.608142658,0.57,1.10845843302232
ID-386,873325.0,N#CC1=CC=CC=C1Cl,o-Chlorobenzonitrile,Acute III,Slightly toxic & relatively nontoxic,31.05935577,-1.17,3.590293126,137.57,14.738893,2.370301799,0.57,0.922235195398778
ID-195,107131.0,C=CC#N,2-Propenenitrile,Acute II,Highly & moderately toxic,31.05935577,-0.541,3.253498953,53.07,6.336102,0.094418801,1.02,1.80402579326495
ID-69,89634.0,NC1=CC=C(Cl)C=C1[N+]([O-])=O,4-Chloro-2-nitroaniline,Acute III,Slightly toxic & relatively nontoxic,83.64410155,-1.367,3.579863395,172.58,16.273157,1.968742966,1.01,0.723879332778028
ID-28,76131.0,FC(F)(Cl)C(Cl)(Cl)F,"1,1,2-Trichloro-1,2,2-trifluoroethane",Acute III,Slightly toxic & relatively nontoxic,44.88033981,-1.357,4.186796537,187.37,10.521174,2.783444777,0.99,1.18666365903322
ID-184,106423.0,CC1=CC=C(C)C=C1,p-Xylene,Acute III,Slightly toxic & relatively nontoxic,0.0,0.387,1.995818441,106.18,14.207143,2.941667024,0.99,1.11297177022572
ID-166,101779.0,NC1=CC=C(CC2=CC=C(C=C2)N)C=C1,"4,4'-Methylenedianiline",Acute III,Slightly toxic & relatively nontoxic,65.79437494,0.394,1.759673262,198.29,25.172066,2.786005608,0.98,1.31230022981592
ID-192,106876.0,C1(O2)C2CC(C3OC3)CC1,"1,2-epoxy-4-(oxiran-2-yl)cyclohexane",Acute III,Slightly toxic & relatively nontoxic,21.99977578,2.106,1.356989375,140.2,15.343973,1.001070498,0.97,0.644464975839073
ID-414,2243621.0,NC1=C2C=CC=C(N)C2=CC=C1,"1,5-Naphthalenediamine",Acute III,Slightly toxic & relatively nontoxic,65.79437494,-0.198,2.093435028,158.22,20.181879,2.024198841,0.97,1.14191815284643
ID-331,504290.0,NC1=NC=CC=C1,2-Aminopyridine,Acute III,Slightly toxic & relatively nontoxic,49.68271702,0.039,2.177671554,94.13,11.083457,0.667418905,0.93,1.29797173427626
ID-424,2867472.0,CC(C(OCCN(C)C)=O)=C,2-(Dimethylamino)ethyl methacrylate,Acute III,Slightly toxic & relatively nontoxic,39.26912881,0.258,2.10057676,157.24,17.498179,1.116830679,0.92,0.718476510254704
ID-349,576261.0,CC1=CC=CC(C)=C1O,"2,6-Xylenol ",Acute III,Slightly toxic & relatively nontoxic,42.68334316,0.27,2.022228549,122.18,14.884071,2.192667024,0.91,0.976910809834876
ID-477,20103097.0,NC1=CC(Cl)=C(N)C=C1Cl,"2,5-Dichloro-1,4-benzenediamine",Acute III,Slightly toxic & relatively nontoxic,65.79437494,-0.51,2.462148084,177.04,17.643608,2.115877919,0.91,0.954621657340991
ID-133,98088.0,FC(F)(F)C1=CC=CC=C1,Benzotrifluoride,Acute III,Slightly toxic & relatively nontoxic,44.88033981,-0.704,3.193801148,146.12,12.380928,3.370138293,0.89,1.12939064770692
ID-186,106445.0,CC1=CC=C(O)C=C1,p-Cresol,Acute III,Slightly toxic & relatively nontoxic,42.68334316,0.095,2.161500333,108.15,13.026824,1.859142658,0.89,1.07622571286852
ID-404,1643205.0,C[N+](CCCCCCCCCCCC)([O-])C,Dodecyldimethylamine oxide,Acute III,Slightly toxic & relatively nontoxic,26.83613859,1.511,1.269450802,229.46,28.406077,1.161553852,0.88,0.891049445821162
ID-318,372190.0,NC1=CC=CC(F)=C1,m-Fluoroaniline,Acute III,Slightly toxic & relatively nontoxic,47.85730074,0.087,2.107112761,111.13,11.895057,1.953252198,0.87,1.11053995296349
ID-138,98873.0,ClC(Cl)C1=CC=CC=C1,"alpha,alpha-Dichlorotoluene",Acute III,Slightly toxic & relatively nontoxic,0.0,-0.715,3.132330715,161.03,16.328324,3.526875287,0.85,1.75016706654737
ID-497,31127545.0,O=C(C1=CC=C(O)C=C1)C2=CC=C(O)C(O)=C2O,"2,3,4,4'-Tetrahydroxybenzophenone",Acute III,Slightly toxic & relatively nontoxic,195.8782997,-0.651,2.852477669,246.23,25.512047,1.321935723,0.84,0.868914086663002
ID-220,110623.0,CCCCC=O,Valeraldehyde,Acute III,Slightly toxic & relatively nontoxic,25.14492703,0.713,2.05569076,86.15,10.163076,1.064400589,0.82,0.955769025522738
ID-350,577117.0,CCC(COC(C(CC(OCC(CC)CCCC)=O)S([O-])(=O)=O)=O)CCCC,Docusate sodium,Acute III,Slightly toxic & relatively nontoxic,144.5471618,0.508,2.278597869,421.64,43.056897,3.194899542,0.82,1.2719262646407
ID-235,111706.0,CCCCCCCO,1-Heptanol,Acute III,Slightly toxic & relatively nontoxic,42.68334316,2.849,1.102432189,116.23,14.232746,1.940335237,0.81,0.669109458662588
ID-362,623154.0,CC(/C=C/C1=CC=CO1)=O,4-(2-Furyl)but-3-en-2-one,Acute III,Slightly toxic & relatively nontoxic,34.65227332,-0.592,2.787902361,136.16,15.460254,0.561512694,0.81,0.938515147010517
ID-469,16219753.0,CC=C1[C@H]2C=C[C@H](C2)C1,"5-Ethylidene-8,9,10-trinorborn-2-ene",Acute II,Highly & moderately toxic,0.0,0.931,1.719446707,120.21,15.806793,2.963608203,1.24,1.26138792262598
ID-208,108907.0,ClC1=CC=CC=C1,Chlorobenzene,Acute II,Highly & moderately toxic,0.0,-0.249,2.64772936,112.56,12.371761,2.876142658,1.23,1.55404654071032
ID-420,2439352.0,C=CC(OCCN(C)C)=O,2-(Dimethylamino)ethyl acrylate,Acute II,Highly & moderately toxic,39.26912881,-0.003,2.293250982,143.21,15.664608,0.783306313,1.23,0.973940028393682
ID-137,98839.0,C=C(C1=CC=CC=C1)C,2-Phenylpropene,Acute II,Highly & moderately toxic,0.0,0.197,2.248224296,118.19,15.820715,3.168510062,1.21,1.41241424637559
ID-162,100696.0,C=CC1=NC=CC=C1,2-Vinylpyridine,Acute II,Highly & moderately toxic,16.78552955,-0.503,2.786790452,105.15,13.416263,1.108777433,1.21,1.21675882318648
ID-257,119937.0,NC1=C(C)C=C(C=C1)C2=CC(C)=C(N)C=C2,o-Tolidine,Acute III,Slightly toxic & relatively nontoxic,65.79437494,0.27,1.781920705,212.32,27.674694,3.049574259,1.21,1.38753897485987
ID-70,89645.0,OC1=CC=C(Cl)C=C1[N+]([O-])=O,4-Chloro-2-nitrophenol,Acute III,Slightly toxic & relatively nontoxic,93.43025724,-1.565,3.960450938,173.56,15.47237,1.968742966,1.2,0.881004540081847
ID-334,526738.0,CC1=C(C)C(C)=CC=C1,"1,2,3-Trimethylbenzene",Acute II,Highly & moderately toxic,0.0,0.516,1.924585578,120.21,16.058497,3.258875287,1.19,1.36711830053466
ID-417,2425798.0,C1(CO1)COCCCCOCC2CO2,"1,4-Bis(2,3-epoxypropoxy)butane",Acute III,Slightly toxic & relatively nontoxic,43.99955155,1.784,1.458905142,202.28,21.049569,-0.02194649,1.19,1.17385704213413
ID-168,101837.0,C1(NC2CCCCC2)CCCCC1,Dicyclohexylamine,Acute III,Slightly toxic & relatively nontoxic,18.01075068,3.238,0.62017495,181.36,22.996463,3.074959871,1.18,1.04980064045759
ID-388,901440.0,CC(C1=CC=C(OCCO)C=C1)(C2=CC=C(OCCO)C=C2)C,"2,2-Bis[4-(2-hydroxyethoxy)phenyl]propane",Acute III,Slightly toxic & relatively nontoxic,107.3664621,0.104,2.203422466,316.43,36.254522,2.624634485,1.18,1.7694007612778
ID-114,95761.0,NC1=CC=C(Cl)C(Cl)=C1,"3,4-Dichloroaniline",Acute III,Slightly toxic & relatively nontoxic,32.89718747,-0.398,2.510168428,162.02,15.989485,2.728667024,1.17,1.3729491864876
ID-459,9014908.0,CCCCCCCCCc1ccc(OCCOCCOCCOCCOCCOCCOS(=O)(=O)[O-])cc1,[Na+].CCCCCCCCCc1ccc(OCCOCCOCCOCCOCCOCCOS(=O)(=O)[O-])cc1,Acute III,Slightly toxic & relatively nontoxic,142.9435372,-1.211,3.389093676,563.81,59.189783,2.958711122,1.17,1.17044293672542
ID-95,92886.0,OC1=CC=C(C2=CC=C(O)C=C2)C=C1,"Biphenyl-4,4'-diol",Acute III,Slightly toxic & relatively nontoxic,85.36668632,-0.408,2.454293502,186.22,22.495187,2.514191173,1.16,1.44714204917069
ID-104,95476.0,CC1=CC=CC=C1C,o-Xylene,Acute II,Highly & moderately toxic,0.0,0.401,2.016246615,106.18,14.177895,2.941667024,1.16,1.11585669206288
ID-199,108429.0,NC1=CC=CC(Cl)=C1,m-Chloroaniline,Acute II,Highly & moderately toxic,32.89718747,-0.064,2.225973745,127.58,13.907193,2.127142658,1.16,1.07768941984362
ID-440,4286231.0,OC1=CC=C(C(C)=C)C=C1,4-(1-Methylethenyl)phenol,Acute II,Highly & moderately toxic,42.68334316,0.031,2.24010579,134.19,16.605084,2.419510062,1.16,1.06098481831015
ID-142,99650.0,O=[N+](C1=CC([N+]([O-])=O)=CC=C1)[O-],m-Dinitrobenzene,Acute III,Slightly toxic & relatively nontoxic,101.4938282,-2.128,4.957954664,168.12,14.881293,1.885900939,1.15,1.22797945633019
ID-223,110838.0,C1=CCCCC1,Cyclohexene,Acute II,Highly & moderately toxic,0.0,1.335,1.534950582,82.16,11.062008,2.067114128,1.15,0.688207712513024
ID-96,93152.0,COC1=CC(CC=C)=CC=C1OC,"4-Allyl-1,2-dimethoxybenzene",Acute III,Slightly toxic & relatively nontoxic,21.99977578,0.111,2.190589094,178.25,21.099043,2.401572292,1.11,1.3780652617619
ID-117,95818.0,NC1=CC(C)=CC=C1Cl,2-Chloro-5-methylaniline,Acute III,Slightly toxic & relatively nontoxic,32.89718747,0.049,2.103278927,141.61,15.741383,2.460667024,1.11,1.08242418351336
ID-40,80046.0,CC(C1CCC(O)CC1)(C2CCC(O)CC2)C,"4,4'-isopropylidenedicyclohexanol",Acute III,Slightly toxic & relatively nontoxic,85.36668632,2.879,1.038208736,240.43,28.363072,2.985691047,1.1,1.08735259285987
ID-129,97392.0,N=C(NC1=CC=CC=C1C)NC2=CC=CC=C2C,"N,N'-Bis(2-methylphenyl)guanidine",Acute III,Slightly toxic & relatively nontoxic,67.6934677,-0.027,2.168335114,239.35,30.277968,3.608135814,1.1,1.70319624730111
ID-171,102067.0,N=C(NC1=CC=CC=C1)NC2=CC=CC=C2,"1,3-Diphenylguanidine",Acute III,Slightly toxic & relatively nontoxic,67.6934677,-0.146,2.291736411,211.29,26.574026,3.088429968,1.09,1.50590930889127
ID-505,51963827.0,NC1=CC(OCC)=C(N2CCOCC2)C=C1OCC,"Benzenamine, 2,5-diethoxy-4-(4-morpholinyl)-",Acute III,Slightly toxic & relatively nontoxic,69.02116503,0.435,1.608171834,266.38,29.839609,1.021086872,1.08,1.08263389120126
ID-282,127184.0,ClC(Cl)=C(Cl)Cl,Tetrachloroethylene,Acute III,Slightly toxic & relatively nontoxic,0.0,-0.981,3.382741075,165.82,12.205627,2.459114128,1.07,0.975749965409903
ID-232,111308.0,O=CCCCC=O,Glutaraldehyde,Acute II,Highly & moderately toxic,50.28985406,0.43,2.284884649,100.13,10.372788,0.076151821,1.06,1.07010088008839
ID-396,1151979.0,O=[N+](C1=CC=C(CC2=NC=CC=C2)C([N+]([O-])=O)=C1)[O-],"2-[(2,4-Dinitrophenyl)methyl]pyridine",Acute III,Slightly toxic & relatively nontoxic,118.2793577,-1.885,4.434659821,259.24,25.773795,2.35582412,1.05,1.91998069076292
ID-323,462088.0,NC1=CC=CN=C1,3-Aminopyridine,Acute II,Highly & moderately toxic,49.68271702,-0.043,2.19271505,94.13,11.149819,-0.144581095,1.04,1.09395853411696
ID-456,6864375.0,NC1C(C)CC(CC2CC(C)C(N)CC2)CC1,"2,2'-Dimethyl-4,4'-methylenebis(cyclohexylamine)",Acute III,Slightly toxic & relatively nontoxic,65.79437494,3.459,0.658276691,238.47,29.385492,2.985691047,1.04,1.07788999811544
ID-76,90120.0,CC1=C2C=CC=CC2=CC=C1,1-Methylnaphthalene,Acute II,Highly & moderately toxic,0.0,-0.45,2.543468342,142.21,19.064537,3.677453945,1.4,1.99055407056998
ID-315,348618.0,FC1=CC(Br)=CC=C1F,"4-Bromo-1,2-difluorobenzene",Acute II,Highly & moderately toxic,29.92022654,-0.887,3.234031969,192.99,13.748225,3.906138293,1.39,1.48195776714877
ID-485,25155231.0,O=P(OC1=CC=C(C)C=C1C)(OC2=CC=C(C)C=C2C)OC3=CC=C(C)C=C3C,Trixylyl phosphate,Acute III,Slightly toxic & relatively nontoxic,41.0281086,-0.89,2.902732321,410.48,51.113889,6.116985365,1.38,2.36195127055031
ID-109,95545.0,NC1=CC=CC=C1N,o-Phenylenediamine,Acute II,Highly & moderately toxic,65.79437494,0.274,1.845144207,108.16,13.145783,0.893132444,1.37,1.42696855932288
ID-340,544014.0,CC(C)CCOCCC(C)C,Diisopentyl ether,Acute II,Highly & moderately toxic,10.99988789,2.505,1.060801364,158.32,19.823915,2.894453202,1.37,1.41121282655874
ID-372,716790.0,C1(C2=CC=CC=C2)=NC3=CC=CC=C3N1,"1H-Benzimidazole, 2-phenyl-",Acute II,Highly & moderately toxic,16.78552955,-0.786,2.881257245,194.25,24.763221,3.250210125,1.35,1.87787639445358
ID-256,119642.0,C12=C(CCCC2)C=CC=C1,"1,2,3,4-Tetrahydronaphthalene",Acute II,Highly & moderately toxic,0.0,0.437,1.98710744,132.22,17.347005,3.562260622,1.34,1.61892700429067
ID-511,85068297.0,NCC1=CC(C(F)(F)F)=CC(C(F)(F)F)=C1,"3,5-Bis(trifluoromethyl)benzylamine",Acute III,Slightly toxic & relatively nontoxic,122.6578671,-1.219,3.62854824,243.17,17.480016,3.653767292,1.34,1.38413247246849
ID-119,95874.0,CC1=CC=C(C)C=C1O,"2,5-Xylenol",Acute II,Highly & moderately toxic,42.68334316,0.256,2.023958888,122.18,14.923656,2.192667024,1.33,0.977405892703989
ID-433,3766812.0,O=C(OC1=CC=CC=C1C(C)CC)NC,2-sec-Butylphenyl N-methylcarbamate,Acute II,Highly & moderately toxic,54.1555656,-0.197,2.55911461,207.3,23.816254,2.390832806,1.33,1.53587720853588
ID-185,106434.0,CC1=CC=C(Cl)C=C1,p-Chlorotoluene,Acute II,Highly & moderately toxic,0.0,-0.149,2.487126217,126.59,14.321115,3.209667024,1.32,1.54350643627193
ID-01,56235.0,ClC(Cl)(Cl)Cl,Carbon tetrachloride,Acute II,Highly & moderately toxic,0.0,-1.394,4.230116849,153.81,10.634104,2.226400589,1.31,1.01338818531932
ID-54,86306.0,O=NN(C1=CC=CC=C1)C2=CC=CC=C2,N-Nitrosodiphenylamine,Acute III,Slightly toxic & relatively nontoxic,47.53634601,-0.429,2.59545,198.24,23.641545,3.222615533,1.3,1.67097809849558
ID-183,106412.0,OC1=CC=C(Br)C=C1,4-Bromophenol,Acute II,Highly & moderately toxic,42.68334316,-0.371,2.601038609,173.01,14.322233,2.296130185,1.3,1.28156314953879
ID-342,554007.0,NC1=CC=C(Cl)C=C1Cl,"2,4-Dichloroaniline",Acute II,Highly & moderately toxic,32.89718747,-0.452,2.546180358,162.02,15.997283,2.728667024,1.3,1.38867987000436
ID-280,126738.0,O=P(OCCCC)(OCCCC)OCCCC,Tributyl phosphate,Acute III,Slightly toxic & relatively nontoxic,41.0281086,0.06,2.377119344,266.36,30.507943,3.233560179,1.28,1.88735161608426
ID-450,6117915.0,C/C=C/CO,2-Buten-1-ol,Acute II,Highly & moderately toxic,42.68334316,0.928,1.851739259,72.12,8.530481,0.654961507,1.26,0.88810572911535
ID-379,818611.0,C=CC(OCCO)=O,2-Hydroxyethyl acrylate,Acute II,Highly & moderately toxic,78.82815808,-0.399,2.99691152,116.13,11.308521,0.052371664,1.25,0.653514886914735
ID-481,22720758.0,CC(C1=CC2=CC=CC=C2S1)=O,1-Benzo[b]thien-2-ylethan-1-one,Acute III,Slightly toxic & relatively nontoxic,25.14492703,-1.142,3.228850952,176.25,20.795125,2.636987946,1.25,1.47283839192895
ID-68,89407.0,O=C(N1)C2=CC=C([N+]([O-])=O)C=C2C1=O,4-Nitrophthalimide,Acute III,Slightly toxic & relatively nontoxic,119.0475188,-2.418,5.301521635,192.14,17.990416,1.378373737,1.24,1.55669564261526
ID-508,61788441.0,OC1=CC=CC=C1C(C)C2=CC=CC=C2,Mono-(alpha-methylbenzyl) phenol,Acute II,Highly & moderately toxic,42.68334316,0.098,2.182803186,198.28,24.527894,3.662363364,1.55,2.04305130499826
ID-72,89838.0,CC1=CC(O)=C(C(C)C)C=C1,Thymol ,Acute II,Highly & moderately toxic,42.68334316,0.279,2.011278651,150.24,18.597254,2.813260622,1.51,1.45667721535515
ID-84,91532.0,CC1=CC(C)(C)NC2=C1C=C(OCC)C=C2,"6-Ethoxy-1,2-dihydro-2,2,4-trimethylquinoline",Acute II,Highly & moderately toxic,29.01063857,-0.078,2.005539412,217.34,27.263699,2.825996048,1.51,1.8575915747609
ID-503,50512351.0,O=C(OC(C)C)C(C(OC(C)C)=O)=C1SCCS1,"Diisopropyl 1,3-dithiolan-2-ylidenemalonate",Acute II,Highly & moderately toxic,72.28962984,-0.872,2.9756222,290.44,30.382777,1.8253676,1.5,2.0039720374389
ID-174,103504.0,C1(COCC2=CC=CC=C2)=CC=CC=C1,Dibenzyl ether,Acute II,Highly & moderately toxic,10.99988789,0.229,2.190929799,198.28,24.63033,3.394363364,1.47,1.68990664289515
ID-321,402313.0,FC(C1=CC(C(F)(F)F)=CC=C1)(F)F," Benzene, 1,3-bis(trifluoromethyl)-",Acute II,Highly & moderately toxic,89.76067963,-1.367,3.996851456,214.12,14.396104,4.389726622,1.47,1.47414644183753
ID-41,80057.0,OC1=CC=C(C=C1)C(C)(C)C2=CC=C(C=C2)O,Bisphenol A,Acute II,Highly & moderately toxic,85.36668632,0.063,2.174443563,228.31,27.296143,3.305711454,1.46,1.54571169401797
ID-429,3295941.0,CCCCCCOCC=C,Allyl n-hexyl ether,Acute II,Highly & moderately toxic,10.99988789,1.219,1.638289649,142.27,17.635507,2.446067867,1.46,1.1052699464716
ID-326,479276.0,NC1=C2C(N)=CC=CC2=CC=C1,"1,8-Naphthylenediamine",Acute II,Highly & moderately toxic,65.79437494,-0.24,2.171982463,158.22,20.040464,2.024198841,1.45,1.13974392028742
ID-288,132274.0,[O-]C1=CC=CC=C1C2=CC=CC=C2,"[1,1'-Biphenyl]-2-ol, sodium salt",Acute II,Highly & moderately toxic,25.14492703,-0.7,2.500809249,169.21,21.230065,2.734980278,1.44,1.50101821482803
ID-330,504245.0,NC1=CC=NC=C1,4-Aminopyridine,Acute II,Highly & moderately toxic,49.68271702,-0.026,2.285574795,94.13,10.993562,-0.144581095,1.44,1.0241964802301
ID-427,3048655.0,C12C=CCC1CC=CC2,"3a,4,7,7a-Tetrahydro-1H-indene",Acute II,Highly & moderately toxic,0.0,1.139,1.647699906,120.21,15.685618,2.963608203,1.44,1.27112306998813
ID-130,97881.0,CC(C(OCCCC)=O)=C,n-Butyl methacrylate,Acute II,Highly & moderately toxic,36.14481492,0.212,2.454220887,142.22,16.241001,1.952610835,1.41,1.07708123474268
ID-263,122394.0,C1(NC2=CC=CC=C2)=CC=CC=C1,Diphenylamine,Acute II,Highly & moderately toxic,18.01075068,-0.06,2.087943896,169.24,22.408316,3.394980278,1.41,1.78459744937404
ID-265,122576.0,CC(/C=C/C1=CC=CC=C1)=O,Benzalacetone,Acute II,Highly & moderately toxic,25.14492703,-0.689,2.97929738,146.2,18.298786,2.368987946,1.41,1.3285737597453
ID-338,541731.0,ClC1=CC(Cl)=CC=C1,m-Dichlorobenzene,Acute II,Highly & moderately toxic,0.0,-0.657,3.041890994,147.0,14.459831,3.477667024,1.41,1.62323504184602
ID-71,89725.0,OC1=CC=CC=C1C(C)CC,o-sec-Butylphenol,Acute II,Highly & moderately toxic,42.68334316,0.183,2.114400027,150.24,18.469278,2.813260622,1.4,1.40762012227695
ID-110,95556.0,OC1=CC=CC=C1N,o-Aminophenol,Acute I,Highly & moderately toxic,75.58053063,0.178,1.935504473,109.14,12.548434,1.404132444,2.21,1.45071301894882
ID-480,22509746.0,O=C(N1C(OCC)=O)C2=CC=CC=C2C1=O,N-Carboethoxyphthalimide,Acute II,Highly & moderately toxic,89.55898288,-1.498,4.05466158,219.21,22.242808,1.425876102,2.2,2.1372719167858
ID-422,2479461.0,NC1=CC=C(OC2=CC=CC(OC3=CC=C(C=C3)N)=C2)C=C1,"4,4'-(m-Phenylenedioxy)dianiline",Acute II,Highly & moderately toxic,87.79415072,-0.184,2.256342349,292.36,34.124021,2.695335303,2.19,1.7899333495953
ID-271,123353.0,C=CC(CCC=C(C)C)=C,"7-Methyl-3-methyleneocta-1,6-diene",Acute I,Highly & moderately toxic,0.0,0.498,1.957020066,136.26,18.598371,3.562260622,2.17,1.7241281530721
ID-383,843550.0,OC1=CC=C(C2(C3=CC=C(O)C=C3)CCCCC2)C=C1,"1,1-Bis(4-hydroxyphenyl)-cyclohexane",Acute II,Highly & moderately toxic,85.36668632,0.096,2.134533416,268.38,32.273948,3.643900486,2.17,1.76176647421625
ID-246,113484.0,O=C(N1CC(CC)CCCC)C2C(C3)C=CC3C2C1=O,"4-(2-Ethylhexan-1-yl)-4-azatricyclo[5.2.1.0(2,6)]dec-8-ene-3,5-dione",Acute II,Highly & moderately toxic,53.41416796,0.158,2.386704912,275.43,31.769119,3.105338486,2.14,1.81728287956957
ID-382,827521.0,C1(C2CCCCC2)=CC=CC=C1,Cyclohexylbenzene,Acute II,Highly & moderately toxic,0.0,0.399,2.043902328,160.28,20.944158,3.742767292,2.13,1.84150571836478
ID-120,95954.0,OC1=CC(Cl)=C(Cl)C=C1Cl,"2,4,5-Trichlorophenol",Acute II,Highly & moderately toxic,42.68334316,-1.041,3.297252349,197.44,17.355054,3.313875287,2.12,1.87041427453746
ID-51,85018.0,C12=CC=CC=C1C=CC3=CC=CC=C23,Phenanthrene,Acute II,Highly & moderately toxic,0.0,-0.649,2.74524786,178.24,23.979701,4.33156788,2.11,2.13596305678673
ID-335,528290.0,O=[N+](C1=CC=CC=C1[N+]([O-])=O)[O-],o-Dinitrobenzene,Acute II,Highly & moderately toxic,101.4938282,-2.189,4.929566266,168.12,14.863359,1.885900939,2.11,1.22559219609448
ID-504,51218496.0,O=C(N(CCOCCC)C1=C(CC)C=CC=C1CC)CCl,"2-Chloro-2',6'-diethyl-N-(2-propoxyethyl)acetanilide",Acute II,Highly & moderately toxic,39.26912881,-0.187,2.506025942,311.89,34.69007,3.506542119,2.11,2.05529913004949
ID-293,138863.0,CC1=CCC(C(C)=C)CC1,"p-Mentha-1,8-diene",Acute II,Highly & moderately toxic,0.0,1.23,1.521136224,136.26,18.236921,3.266993538,2.09,1.63452135104829
ID-10,60344.0,NNC,Methylhydrazine,Acute I,Highly & moderately toxic,50.66289393,2.66,0.811253376,46.09,4.962535,-0.882789105,2.08,1.65609180150043
ID-245,112709.0,CCCCCCCCCCCCCO,Tridecan-1-ol,Acute II,Highly & moderately toxic,42.68334316,2.847,1.103580705,200.41,25.261777,4.650774307,2.07,2.03475135817622
ID-355,599644.0,OC1=CC=C(C(C)(C)C2=CC=CC=C2)C=C1,"4-(,-Dimethylbenzyl)phenol",Acute II,Highly & moderately toxic,42.68334316,0.129,2.139085742,212.31,26.50067,3.918500558,2.25,2.24788149086356
ID-101,95318.0,CC(NSC1=NC2=CC=CC=C2S1)(C)C,N-(tert-Butyl)-2-benzothiazolylsulfenamide,Acute II,Highly & moderately toxic,33.19052699,-0.799,2.794951111,238.41,28.147047,2.133572292,2.23,2.07789577971851
ID-205,108861.0,BrC1=CC=CC=C1,Bromobenzene,Acute II,Highly & moderately toxic,0.0,-0.251,2.594739516,157.01,13.54872,3.045130185,1.56,1.53359238640785
ID-234,111659.0,CCCCCCCC,Octane,Acute I,Highly & moderately toxic,0.0,3.887,0.852921184,114.26,15.465884,4.202859603,2.44,2.32386406089083
ID-238,111853.0,CCCCCCCCCl,1-Chlorooctane,Acute I,Highly & moderately toxic,0.0,0.887,2.101093063,148.7,17.396218,4.520067867,2.38,1.86670316226356
ID-418,2437254.0,CCCCCCCCCCCC#N,Dodecanenitrile,Acute I,Highly & moderately toxic,31.05935577,1.215,1.983862374,181.36,23.077048,4.233959871,2.33,2.39900928677335
ID-493,28249776.0,O=C(SCC1=CC=C(Cl)C=C1)N(CC)CC,S-4-Chlorobenzyl diethylthiocarbamate,Acute II,Highly & moderately toxic,28.26924093,-0.558,2.727247949,257.81,28.669765,3.092427397,2.3,2.07139651092689
ID-486,25321099.0,CC(C1=CC=CC=C1C(C)C)C,Diisopropylbenzene,Acute I,Highly & moderately toxic,0.0,0.473,1.972836266,162.3,21.489475,4.134767292,2.25,1.97366719663734
ID-405,1678917.0,CCC1CCCCC1,Ethylcyclohexane,Acute I,Highly & moderately toxic,0.0,3.925,0.767232206,112.24,14.950413,3.810859603,2.18,1.8846183021959
ID-289,132650.0,C12=CC=CC=C1C3=CC=CC=C3S2,Dibenzothiophene,Acute II,Highly & moderately toxic,0.0,-0.712,2.705010021,184.27,23.175313,3.875980278,2.12,2.00078843201462
ID-103,95330.0,C1(SNC2CCCCC2)=NC3=CC=CC=C3S1,N-Cyclohexyl-2-benzothiazolylsulfenamide,Acute II,Highly & moderately toxic,33.19052699,-0.823,2.823086058,264.45,31.33694,2.294427397,2.1,2.21740429345203
ID-467,14938353.0,OC1=CC=C(CCCCC)C=C1,4-Pentylphenol,Acute II,Highly & moderately toxic,42.68334316,0.106,2.157241821,164.27,20.428253,3.104726622,2.07,1.694787626499
ID-463,13481259.0,N#CC1=NC=CN=C1C#N,"2,3-Pyrazinedicarbonitrile",Acute II,Highly & moderately toxic,95.68977064,-2.351,5.208237447,130.12,13.612769,-1.318750819,1.81,1.19055420690605
ID-478,20766363.0,CC(/C=C/C1=CC=CC(Cl)=C1)=O,"3-Buten-2-one, 4-(3-chlorophenyl)-",Acute II,Highly & moderately toxic,25.14492703,-0.657,3.004897979,180.64,19.969565,2.928453945,1.78,1.61045791427354
ID-143,99718.0,OC1=CC=C(C(C)CC)C=C1,p-sec-Butylphenol ,Acute II,Highly & moderately toxic,42.68334316,0.141,2.12519534,150.24,18.529699,2.813260622,1.76,1.41299503252178
ID-464,13826352.0,OCC1=CC=CC(OC2=CC=CC=C2)=C1,"Benzyl alcohol, 3-phenoxy-",Acute II,Highly & moderately toxic,53.68323105,0.045,2.19447608,200.25,23.769509,2.786005608,1.72,1.63405446924188
ID-425,3006824.0,CCCCC(CC)C(OOC(C)(C)C)=O,tert-Butyl 2-ethylperoxyhexanoate,Acute II,Highly & moderately toxic,52.57616131,0.248,2.310523898,216.36,24.398973,3.22939061,1.67,1.7273199006038
ID-375,764136.0,CC(C)=CC=C(C)C,"2,5-Dimethylhexa-2,4-diene",Acute II,Highly & moderately toxic,0.0,0.773,1.61625043,110.22,15.601257,3.03839994,1.63,1.2748238485937
ID-91,92524.0,C1(C2=CC=CC=C2)=CC=CC=C1,Biphenyl,Acute II,Highly & moderately toxic,0.0,-0.475,2.629012926,154.22,20.672789,3.875980278,1.6,1.95210194961161
ID-113,95750.0,CC1=CC=C(Cl)C(Cl)=C1,"3,4-Dichlorotoluene",Acute II,Highly & moderately toxic,0.0,-0.493,2.803356349,161.03,16.346502,3.794875287,1.57,1.89892587263764
ID-250,117806.0,O=C(C1=C2C=CC=C1)C(Cl)=C(Cl)C2=O,"2,3-Dichloro-1,4-naphthoquinone",Acute I,Highly & moderately toxic,50.28985406,-2.183,4.800949545,227.04,22.123073,3.050191173,3.87,2.58223214808113
ID-346,569642.0,C[N+](C)=C1C=CC(C=C1)=C(C2=CC=C(N(C)C)C=C2)C3=CC=CC=C3,"(4-{[4-(Dimethylamino)phenyl](phenyl)methylidene}cyclohexa-2,5-dien-1-ylidene)(dimethyl)ammonium chloride",Acute I,Highly & moderately toxic,6.248627788,-0.702,2.612089007,329.5,46.681208,4.919413644,3.42,2.50876910944616
ID-48,84151.0,C1(C2=CC=CC=C2C3=CC=CC=C3)=CC=CC=C1,o-Terphenyl,Acute I,Highly & moderately toxic,0.0,-0.08,2.363950756,230.32,30.209411,5.164734995,3.28,2.46000826036478
ID-03,57090.0,CCCCCCCCCCCCCCCC[N+](C)(C)C,"N,N,N-trimethyl-1-hexadecanaminium bromide",Acute I,Highly & moderately toxic,0.0,-0.331,2.172496031,284.62,40.003993,2.44901377,3.11,1.94991447827898
ID-438,4170303.0,C/C=C/C=O,Crotonaldehyde,Acute I,Highly & moderately toxic,25.14492703,-0.318,2.782799857,70.1,8.338432,0.547501844,2.99,1.69188563315771
ID-392,948652.0,C(N1)(C2=CC=CC=C2)=CC3=C1C=CC=C3,2-Phenylindole,Acute I,Highly & moderately toxic,0.0,-0.449,2.485556053,193.26,25.477795,3.58256788,2.86,1.97212202105284
ID-170,101962.0,CCC(NC1=CC=C(NC(C)CC)C=C1)C,"1,4-Benzenediamine, N,N'-bis(1-methylpropyl)-",Acute I,Highly & moderately toxic,36.02150137,0.45,1.55260698,220.4,28.624011,3.308361273,2.78,2.29142990746521
ID-295,140669.0,OC1=CC=C(C(C)(C)CCCCC)C=C1,4-t-Octylphenol,Acute I,Highly & moderately toxic,42.68334316,0.164,2.105966034,206.36,25.869731,3.921150378,2.76,2.25825105182594
ID-89,91941.0,NC1=CC=C(C2=CC=C(N)C(Cl)=C2)C=C1Cl,"3,3'-Dichlorobenzidine",Acute I,Highly & moderately toxic,65.79437494,-0.249,2.269201988,253.14,28.148803,3.585574259,2.7,1.69081380762047
ID-430,3380345.0,ClC1=C(C=CC(Cl)=C1)OC2=C(O)C=C(Cl)C=C2,Triclosan,Acute I,Highly & moderately toxic,53.68323105,-0.713,2.89222039,289.54,28.31699,3.841711454,2.64,2.18660371773777
ID-153,100254.0,O=[N+](C1=CC=C([N+]([O-])=O)C=C1)[O-],p-Dinitrobenzene,Acute I,Highly & moderately toxic,101.4938282,-2.421,5.334365351,168.12,14.999796,1.885900939,2.54,1.2914960133561
ID-317,352874.0,CC(C(OCC(F)(F)F)=O)=C,"2,2,2-Trifluoroethyl methacrylate",Acute II,Highly & moderately toxic,81.02515473,-0.474,3.098578563,168.13,12.588829,1.788073996,1.31,0.730657738080293
ID-30,78513.0,O=P(OCCOCCCC)(OCCOCCCC)OCCOCCCC,Tris(2-butoxyethyl) phosphate,Acute III,Slightly toxic & relatively nontoxic,74.02777226,-0.09,2.504588944,398.54,43.462721,2.436513027,1.28,1.91573494116489
ID-107,95512.0,NC1=CC=CC=C1Cl,o-Chloroaniline,Acute II,Highly & moderately toxic,32.89718747,-0.047,2.17875909,127.58,13.83391,2.127142658,1.24,1.05751224590809
ID-105,95498.0,CC1=CC=CC=C1Cl,o-Chlorotoluene,Acute II,Highly & moderately toxic,0.0,-0.145,2.511223456,126.59,14.269208,3.209667024,1.22,1.54822599782285
ID-360,620928.0,OC1=CC=C(CC2=CC=C(O)C=C2)C=C1,"4,4'-Dihydroxydiphenylmethane",Acute III,Slightly toxic & relatively nontoxic,85.36668632,0.024,2.207314538,200.25,23.590316,2.786005608,1.19,1.39958328991935
ID-428,3268493.0,O=CCCSC,3-(Methylthio)propionaldehyde,Acute II,Highly & moderately toxic,25.14492703,-0.066,2.233252596,104.19,11.201244,0.654961507,1.17,1.15386441728665
ID-189,106489.0,OC1=CC=C(Cl)C=C1,p-Chlorophenol,Acute II,Highly & moderately toxic,42.68334316,-0.41,2.660332624,128.56,13.148462,2.127142658,1.16,1.27521066507287
ID-121,96093.0,C1(C2=CC=CC=C2)CO1,Styrene oxide,Acute II,Highly & moderately toxic,10.99988789,0.015,2.409773198,120.16,14.376861,1.532667024,1.14,1.05266679071246
ID-328,487683.0,O=CC1=C(C)C=C(C)C=C1C,"2,4,6-Trimethylbenzaldehyde",Acute III,Slightly toxic & relatively nontoxic,25.14492703,-0.381,2.676916776,148.22,18.324853,2.722895397,1.09,1.47387125378347
ID-458,9002931.0,CC(C1=CC=C(O)C=C1)(C2=CC=C(O)C=C2)CC(C)C,"4,4'-(4-Methylpentane-2,2-diyl)diphenol",Acute III,Slightly toxic & relatively nontoxic,85.36668632,0.07,2.164798282,270.4,32.777429,4.035900486,1.05,1.86652494394326
ID-32,78706.0,C=CC(O)(C)CCC=C(C)C,"1,6-Octadiene-3-ol, 3,7-dimethyl-",Acute III,Slightly toxic & relatively nontoxic,42.68334316,0.89,1.735475444,154.28,19.215667,2.641993538,0.6,1.4614812953952
ID-150,99990.0,CC1=CC=C([N+]([O-])=O)C=C1,p-Nitrotoluene,Acute III,Slightly toxic & relatively nontoxic,50.74691408,-1.184,3.630774194,137.15,14.626035,2.240573397,0.57,0.842947098807828
ID-510,76334366.0,C=C(Br)CCO,3-Bromo-3-buten-1-ol,Acute III,Slightly toxic & relatively nontoxic,42.68334316,0.432,2.153423532,151.01,11.51161,1.256696435,0.55,1.19675085344845
ID-11,62533.0,NC1=CC=CC=C1,Aniline,Acute III,Slightly toxic & relatively nontoxic,32.89718747,0.334,1.876688353,93.14,11.80954,1.505921549,0.54,0.820392119140599
ID-229,111159.0,CC(OCCOCC)=O,2-Ethoxyethyl acetate,Acute III,Slightly toxic & relatively nontoxic,47.14470281,1.001,1.877817228,132.18,13.384501,0.537544867,0.5,0.859009665824007
ID-311,298066.0,SP(OCC)(OCC)=S,"O,O-Diethyl S-hydrogen phosphorodithioate",Acute III,Slightly toxic & relatively nontoxic,13.84326051,-0.726,2.828898105,186.26,20.209861,0.325172402,0.45,0.672228932250031
ID-471,16669593.0,C=CC(NCOCC(C)C)=O,N-(Isobutoxymethyl)acrylamide,Acute III,Slightly toxic & relatively nontoxic,54.1555656,0.053,2.472778064,157.24,17.313587,1.116830679,0.42,0.630979734333837
ID-60,88051.0,NC1=C(C)C=C(C)C=C1C,"2,4,6-Trimethylaniline",Acute III,Slightly toxic & relatively nontoxic,32.89718747,0.594,1.546289318,135.23,17.565315,2.509875287,0.39,0.846226654334212
ID-148,99945.0,O=C(O)C1=CC=C(C)C=C1,4-Methylbenzoic acid,Acute III,Slightly toxic & relatively nontoxic,67.82827019,-0.651,3.062761407,136.16,15.151251,2.033512694,0.33,0.693564548996677
ID-384,868633.0,OC(NC(C=C)=O)C(NC(C=C)=O)O,"2-Propenamide, N,N'-(1,2-dihydroxy-1,2-ethanediyl)bis-",Acute III,Slightly toxic & relatively nontoxic,171.6780418,-0.238,2.762122791,200.22,19.504808,-0.625718812,0.26,0.788923470614828
ID-151,100016.0,NC1=CC=C([N+]([O-])=O)C=C1,p-Nitroaniline,Acute III,Slightly toxic & relatively nontoxic,83.64410155,-0.907,3.094450096,138.14,14.36777,1.347521857,0.21,0.537087081017264
ID-175,103695.0,CCNC1=CC=CC=C1,N-Ethylaniline,Acute III,Slightly toxic & relatively nontoxic,18.01075068,0.45,1.734179365,121.2,15.696983,2.192667024,0.18,0.752465074897688
ID-307,156592.0,Cl/C=C\Cl,"cis-1,2-Dichloroethene",Acute III,Slightly toxic & relatively nontoxic,0.0,-0.246,2.746814335,94.92,7.973126,1.671961507,0.16,0.969416747182858
ID-25,75912.0,CC(C)(OO)C,tert-Butylhydroperoxide,Acute III,Slightly toxic & relatively nontoxic,53.92077671,1.094,1.68063952,90.14,9.433246,0.731172402,-0.02,0.834783585466695
ID-108,95534.0,NC1=CC=CC=C1C,o-Toluidine,Acute III,Slightly toxic & relatively nontoxic,32.89718747,0.407,1.798935642,107.17,13.697165,1.859142658,-0.15,0.664477856920019
ID-131,98044.0,C[N+](C)(C1=CC=CC=C1)C,Phenyl trimethyl ammonium iodide,Acute III,Slightly toxic & relatively nontoxic,0.0,-1.46,3.239005589,136.24,21.897829,-1.174124713,-0.34,-0.350737487302212
ID-251,117817.0,O=C(OCC(CC)CCCC)C1=CC=CC=C1C(OCC(CC)CCCC)=O,Bis(2-ethylhexyl) phthalate,Acute III,Slightly toxic & relatively nontoxic,72.28962984,-0.814,3.264085801,390.62,45.231243,5.426408258,0.72,1.90396076909883
ID-87,91667.0,CCN(CC)C1=CC=CC=C1,"N,N-Diethylaniline",Acute III,Slightly toxic & relatively nontoxic,3.124313894,0.284,2.032736568,149.26,19.044433,2.813260622,0.76,1.47024300052129
ID-222,110816.0,CCSSCC,Diethyl disulfide,Acute III,Slightly toxic & relatively nontoxic,0.0,-0.75,2.813559458,122.28,14.514936,1.816961507,1.01,1.17246020297839
ID-367,674828.0,C=C1CC(O1)=O,But-3-en-3-olide,Acute II,Highly & moderately toxic,36.14481492,0.254,2.413061255,84.08,8.484989,0.086712739,0.98,1.25252384255301
ID-236,111784.0,C1=CCCC=CCC1,"1,5-Cyclooctadiene",Acute III,Slightly toxic & relatively nontoxic,0.0,1.286,1.552749069,108.2,14.337342,2.64639994,0.92,1.03708886651868
ID-182,105679.0,CC1=CC(C)=CC=C1O,"2,4-Xylenol",Acute III,Slightly toxic & relatively nontoxic,42.68334316,0.218,2.025807572,122.18,14.937443,2.192667024,0.88,0.97954668241925
ID-217,110190.0,CC(OCC(C)C)=O,Isobutyl acetate,Acute III,Slightly toxic & relatively nontoxic,36.14481492,1.181,1.875682862,116.18,12.773349,1.373325023,0.84,0.689093048436392
ID-410,2100427.0,ClC1=CC(OC)=CC=C1OC,2-Chlorohydroquinonedimethylether,Acute III,Slightly toxic & relatively nontoxic,21.99977578,-0.316,2.512176479,172.62,17.784617,2.165086182,0.79,1.22084734105641
ID-38,79196.0,NNC(N)=S,Thiosemicarbazide,Acute III,Slightly toxic & relatively nontoxic,83.5600814,-0.157,2.255440706,91.16,8.753041,-1.457569261,0.64,0.686576846732641
ID-292,135193.0,OC1=CC=C2C=CC=CC2=C1,2-Naphthol,Acute II,Highly & moderately toxic,42.68334316,-0.636,2.733620926,144.18,17.932717,2.636987946,1.56,1.4752454600687
ID-397,1321740.0,C=CC1=CC=CC=C1C=C,Divinylbenzene,Acute II,Highly & moderately toxic,0.0,-0.058,2.361865097,130.2,17.669858,3.385987946,1.49,1.79451495421613
ID-18,75081.0,CCS,Ethanethiol,Acute II,Highly & moderately toxic,0.0,-0.21,2.371861858,62.15,7.115004,0.844551409,1.45,1.26793446836736
ID-487,25339177.0,CC(C)CCCCCCCO,Isodecyl alcohol,Acute II,Highly & moderately toxic,42.68334316,2.852,1.100915097,158.32,19.720139,2.894453202,1.43,1.23038180530731
ID-213,109648.0,BrCCCBr,"1,3-Dibromopropane",Acute II,Highly & moderately toxic,0.0,0.135,2.475246694,201.89,12.412853,2.604114128,1.41,1.52387593955629
ID-154,100403.0,C=CC1CC=CCC1,4-Vinylcyclohexene,Acute II,Highly & moderately toxic,0.0,1.058,1.702161432,108.2,14.527998,2.64639994,1.37,1.03356266616827
ID-188,106478.0,NC1=CC=C(Cl)C=C1,p-Chloroaniline,Acute II,Highly & moderately toxic,32.89718747,-0.072,2.186613056,127.58,13.928181,2.127142658,1.34,1.06119185455049
ID-77,90131.0,ClC1=C2C=CC=CC2=CC=C1,1-Chloronaphthalene,Acute II,Highly & moderately toxic,0.0,-0.863,3.011711436,162.62,19.158039,3.945453945,1.98,1.97144218198482
ID-352,582161.0,CC1=CC2=CC(C)=CC=C2C=C1,"2,7-Dimethylnaphthalene",Acute II,Highly & moderately toxic,0.0,-0.394,2.489189622,156.24,21.080299,3.958494615,1.94,1.97305601689439
ID-490,26087478.0,CC(OP(OC(C)C)(SCC1=CC=CC=C1)=O)C,Iprobenfos,Acute II,Highly & moderately toxic,34.10647834,-0.55,2.626825622,288.38,33.722365,2.800647241,1.93,2.05604887050452
ID-258,120821.0,ClC1=CC=C(Cl)C(Cl)=C1,"1,2,4-Trichlorobenzene",Acute II,Highly & moderately toxic,0.0,-0.987,3.333345698,181.44,16.551109,4.062875287,1.88,1.73623385424604
ID-491,27176870.0,O=S(C1=CC=CC=C1CCCCCCCCCCCC)(O)=O,Dodecylbenzenesulfonic acid,Acute II,Highly & moderately toxic,87.26777798,-0.623,3.009623947,326.55,37.005088,5.320907344,1.86,1.84375483134695
ID-252,118694.0,CC1=C(Cl)C=CC=C1Cl,"2,6-Dichlorotoluene",Acute II,Highly & moderately toxic,0.0,-0.545,2.917226661,161.03,16.33038,3.794875287,1.85,1.86019443816827
